sensor_id,sensor_name,utm_x,utm_y,magnitude_id,magnitude_name,entry_date,value,is_interpolated
28079016,Arturo Soria,445786.2,4.476796e+06,14,O3,2005-03-12 13:00:00,72.0,False
28079017,Villaverde,439420.7,4.4665325e+06,7,NO,2005-02-13 05:00:00,231.0,False
28079024,Casa de Campo,436598.56,4.4745715e+06,8,NO2,2005-03-06 08:00:00,6.0,False
28079008,Escuelas Aguirre,442117.25,4.4747705e+06,42,HIDROCARBS_TOTALES,2005-05-30 05:00:00,1.0,False
28079017,Villaverde,439420.7,4.4665325e+06,7,NO,2005-01-15 23:00:00,549.0,False
28079017,Villaverde,439420.7,4.4665325e+06,12,NOX,2005-04-18 15:00:00,32.0,False
28079011,Ramón y Cajal,442564.03,4.4780885e+06,7,NO,2005-07-20 03:00:00,27.0,False
28079027,Barajas Pueblo,450835.2,4.480854e+06,8,NO2,2005-09-13 01:00:00,13.0,False
28079027,Barajas Pueblo,450835.2,4.480854e+06,43,METANO,2005-06-19 10:00:00,1.0,False
28079040,Vallecas,444701.7,4.471043e+06,10,<PM10,2005-05-12 11:00:00,23.0,False
28079011,Ramón y Cajal,442564.03,4.4780885e+06,8,NO2,2005-09-14 17:00:00,29.0,False
28079018,Farolillo,437891.7,4.471833e+06,10,<PM10,2005-08-25 03:00:00,37.0,False
28079004,Plaza de España,439579.34,4.4750495e+06,1,SO2,2005-07-28 15:00:00,6.0,False
28079038,Cuatro Caminos,440033.47,4.47745e+06,12,NOX,2005-01-26 03:00:00,22.0,False
28079017,Villaverde,439420.7,4.4665325e+06,14,O3,2005-03-11 08:00:00,4.0,False
28079035,Plaza del Carmen,440346.38,4.4745245e+06,6,CO,2005-10-26 23:00:00,0.0,False
28079008,Escuelas Aguirre,442117.25,4.4747705e+06,10,<PM10,2005-08-20 18:00:00,7.0,False
28079036,Moratalaz,445245.5,4.4732375e+06,10,<PM10,2005-05-07 18:00:00,41.0,False
28079035,Plaza del Carmen,440346.38,4.4745245e+06,6,CO,2005-03-26 17:00:00,0.0,False
28079018,Farolillo,437891.7,4.471833e+06,1,SO2,2005-06-15 09:00:00,13.0,False
28079036,Moratalaz,445245.5,4.4732375e+06,12,NOX,2005-09-27 22:00:00,344.0,False
28079024,Casa de Campo,436598.56,4.4745715e+06,10,<PM10,2005-06-27 18:00:00,69.0,False
28079027,Barajas Pueblo,450835.2,4.480854e+06,12,NOX,2005-07-03 02:00:00,75.0,False
28079038,Cuatro Caminos,440033.47,4.47745e+06,12,NOX,2005-05-19 08:00:00,483.0,False
28079036,Moratalaz,445245.5,4.4732375e+06,10,<PM10,2005-03-23 13:00:00,34.0,False
28079040,Vallecas,444701.7,4.471043e+06,10,<PM10,2005-10-20 12:00:00,99.0,False
28079008,Escuelas Aguirre,442117.25,4.4747705e+06,1,SO2,2005-05-09 00:00:00,3.0,False
28079024,Casa de Campo,436598.56,4.4745715e+06,8,NO2,2005-07-14 02:00:00,21.0,False
28079039,Barrio del Pilar,439689.06,4.4810815e+06,14,O3,2005-05-03 02:00:00,62.0,False
28079040,Vallecas,444701.7,4.471043e+06,10,<PM10,2005-12-13 17:00:00,21.0,False
28079004,Plaza de España,439579.34,4.4750495e+06,8,NO2,2005-12-31 01:00:00,51.0,False
28079024,Casa de Campo,436598.56,4.4745715e+06,44,HIDROCARBS_NO_METANICOS,2005-11-02 21:00:00,0.0,False
28079017,Villaverde,439420.7,4.4665325e+06,7,NO,2005-08-08 12:00:00,2.0,False
28079035,Plaza del Carmen,440346.38,4.4745245e+06,8,NO2,2005-09-17 06:00:00,21.0,False
28079024,Casa de Campo,436598.56,4.4745715e+06,10,<PM10,2005-08-22 06:00:00,31.0,False
28079036,Moratalaz,445245.5,4.4732375e+06,12,NOX,2005-01-19 21:00:00,171.0,False
28079004,Plaza de España,439579.34,4.4750495e+06,6,CO,2005-08-01 12:00:00,0.0,False
28079008,Escuelas Aguirre,442117.25,4.4747705e+06,1,SO2,2005-05-03 12:00:00,3.0,False
28079008,Escuelas Aguirre,442117.25,4.4747705e+06,1,SO2,2005-08-25 09:00:00,10.0,False
28079039,Barrio del Pilar,439689.06,4.4810815e+06,12,NOX,2005-01-13 19:00:00,624.0,False
28079040,Vallecas,444701.7,4.471043e+06,7,NO,2005-11-21 01:00:00,3.0,False
28079018,Farolillo,437891.7,4.471833e+06,12,NOX,2005-06-16 14:00:00,32.0,False
28079040,Vallecas,444701.7,4.471043e+06,12,NOX,2005-10-07 12:00:00,61.0,False
28079039,Barrio del Pilar,439689.06,4.4810815e+06,7,NO,2005-04-27 18:00:00,9.0,False
28079008,Escuelas Aguirre,442117.25,4.4747705e+06,43,METANO,2005-05-24 01:00:00,1.0,False
28079008,Escuelas Aguirre,442117.25,4.4747705e+06,35,ETILBENCENO,2005-09-15 08:00:00,0.0,False
28079040,Vallecas,444701.7,4.471043e+06,10,<PM10,2005-08-03 10:00:00,12.0,False
28079039,Barrio del Pilar,439689.06,4.4810815e+06,12,NOX,2005-06-13 01:00:00,36.0,False
28079035,Plaza del Carmen,440346.38,4.4745245e+06,7,NO,2005-04-15 12:00:00,17.0,False
28079018,Farolillo,437891.7,4.471833e+06,10,<PM10,2005-07-25 09:00:00,25.0,False
28079008,Escuelas Aguirre,442117.25,4.4747705e+06,12,NOX,2005-07-31 05:00:00,37.0,False
28079040,Vallecas,444701.7,4.471043e+06,10,<PM10,2005-05-19 05:00:00,11.0,False
28079018,Farolillo,437891.7,4.471833e+06,6,CO,2005-12-13 23:00:00,0.0,False
28079036,Moratalaz,445245.5,4.4732375e+06,1,SO2,2005-02-25 00:00:00,28.0,False
28079008,Escuelas Aguirre,442117.25,4.4747705e+06,43,METANO,2005-07-30 08:00:00,1.0,False
28079018,Farolillo,437891.7,4.471833e+06,7,NO,2005-02-04 12:00:00,30.0,False
28079040,Vallecas,444701.7,4.471043e+06,1,SO2,2005-08-09 14:00:00,6.0,False
28079004,Plaza de España,439579.34,4.4750495e+06,8,NO2,2005-05-01 00:00:00,79.0,False
28079040,Vallecas,444701.7,4.471043e+06,7,NO,2005-07-18 10:00:00,13.0,False
28079024,Casa de Campo,436598.56,4.4745715e+06,6,CO,2005-08-27 02:00:00,0.0,False
28079004,Plaza de España,439579.34,4.4750495e+06,8,NO2,2005-10-15 21:00:00,63.0,False
28079027,Barajas Pueblo,450835.2,4.480854e+06,7,NO,2005-08-18 21:00:00,5.0,False
28079017,Villaverde,439420.7,4.4665325e+06,14,O3,2005-07-06 04:00:00,50.0,False
28079004,Plaza de España,439579.34,4.4750495e+06,1,SO2,2005-07-09 23:00:00,6.0,False
28079038,Cuatro Caminos,440033.47,4.47745e+06,8,NO2,2005-09-13 08:00:00,100.0,False
28079008,Escuelas Aguirre,442117.25,4.4747705e+06,20,TOLUENO,2005-11-02 09:00:00,1.0,False
28079018,Farolillo,437891.7,4.471833e+06,14,O3,2005-01-10 14:00:00,21.0,False
28079036,Moratalaz,445245.5,4.4732375e+06,1,SO2,2005-10-30 14:00:00,6.564706,True
28079040,Vallecas,444701.7,4.471043e+06,12,NOX,2005-04-18 14:00:00,33.0,False
28079036,Moratalaz,445245.5,4.4732375e+06,12,NOX,2005-03-27 18:00:00,28.0,False
28079024,Casa de Campo,436598.56,4.4745715e+06,1,SO2,2005-03-19 03:00:00,7.0,False
28079036,Moratalaz,445245.5,4.4732375e+06,1,SO2,2005-08-05 01:00:00,5.0,False
28079035,Plaza del Carmen,440346.38,4.4745245e+06,14,O3,2005-01-09 19:00:00,3.0,False
28079016,Arturo Soria,445786.2,4.476796e+06,8,NO2,2005-12-30 17:00:00,49.0,False
28079039,Barrio del Pilar,439689.06,4.4810815e+06,6,CO,2005-09-19 03:00:00,0.0,False
28079038,Cuatro Caminos,440033.47,4.47745e+06,12,NOX,2005-01-12 04:00:00,186.0,False
28079039,Barrio del Pilar,439689.06,4.4810815e+06,12,NOX,2005-08-05 10:00:00,96.0,False
28079004,Plaza de España,439579.34,4.4750495e+06,6,CO,2005-09-30 18:00:00,0.0,False
28079008,Escuelas Aguirre,442117.25,4.4747705e+06,14,O3,2005-09-24 06:00:00,12.0,False
28079004,Plaza de España,439579.34,4.4750495e+06,6,CO,2005-04-28 16:00:00,0.0,False
28079024,Casa de Campo,436598.56,4.4745715e+06,44,HIDROCARBS_NO_METANICOS,2005-01-21 13:00:00,0.0,False
28079018,Farolillo,437891.7,4.471833e+06,14,O3,2005-06-15 04:00:00,42.0,False
28079017,Villaverde,439420.7,4.4665325e+06,8,NO2,2005-12-11 14:00:00,119.0,True
28079038,Cuatro Caminos,440033.47,4.47745e+06,7,NO,2005-07-08 09:00:00,81.0,False
28079036,Moratalaz,445245.5,4.4732375e+06,12,NOX,2005-06-04 14:00:00,46.0,False
28079038,Cuatro Caminos,440033.47,4.47745e+06,8,NO2,2005-12-24 23:00:00,122.0,False
28079027,Barajas Pueblo,450835.2,4.480854e+06,8,NO2,2005-05-17 04:00:00,24.0,False
28079036,Moratalaz,445245.5,4.4732375e+06,6,CO,2005-07-18 13:00:00,0.0,False
28079038,Cuatro Caminos,440033.47,4.47745e+06,10,<PM10,2005-05-01 07:00:00,44.0,False
28079008,Escuelas Aguirre,442117.25,4.4747705e+06,44,HIDROCARBS_NO_METANICOS,2005-01-05 11:00:00,0.0,False
28079027,Barajas Pueblo,450835.2,4.480854e+06,7,NO,2005-01-25 08:00:00,40.0,False
28079035,Plaza del Carmen,440346.38,4.4745245e+06,14,O3,2005-04-26 01:00:00,8.0,False
28079027,Barajas Pueblo,450835.2,4.480854e+06,7,NO,2005-10-10 10:00:00,14.0,False
28079038,Cuatro Caminos,440033.47,4.47745e+06,8,NO2,2005-07-12 06:00:00,41.0,False
28079004,Plaza de España,439579.34,4.4750495e+06,8,NO2,2005-07-04 20:00:00,88.0,False
28079017,Villaverde,439420.7,4.4665325e+06,8,NO2,2005-01-30 14:00:00,29.0,False
28079039,Barrio del Pilar,439689.06,4.4810815e+06,8,NO2,2005-07-27 10:00:00,30.0,False
28079017,Villaverde,439420.7,4.4665325e+06,14,O3,2005-09-12 00:00:00,38.0,False
28079024,Casa de Campo,436598.56,4.4745715e+06,9,<PM2.5,2005-07-27 22:00:00,6.0,False
28079027,Barajas Pueblo,450835.2,4.480854e+06,44,HIDROCARBS_NO_METANICOS,2005-06-21 13:00:00,0.0,False
28079008,Escuelas Aguirre,442117.25,4.4747705e+06,8,NO2,2005-02-08 07:00:00,87.0,False
28079018,Farolillo,437891.7,4.471833e+06,6,CO,2005-04-26 18:00:00,0.0,False
28079024,Casa de Campo,436598.56,4.4745715e+06,14,O3,2005-03-25 17:00:00,85.0,False
28079018,Farolillo,437891.7,4.471833e+06,10,<PM10,2005-09-08 23:00:00,52.0,False
28079036,Moratalaz,445245.5,4.4732375e+06,6,CO,2005-05-07 00:00:00,0.0,False
28079040,Vallecas,444701.7,4.471043e+06,7,NO,2005-10-07 00:00:00,40.0,False
28079016,Arturo Soria,445786.2,4.476796e+06,14,O3,2005-05-19 21:00:00,20.0,False
28079024,Casa de Campo,436598.56,4.4745715e+06,8,NO2,2005-10-06 15:00:00,41.0,False
28079024,Casa de Campo,436598.56,4.4745715e+06,42,HIDROCARBS_TOTALES,2005-06-29 06:00:00,1.0,False
28079024,Casa de Campo,436598.56,4.4745715e+06,6,CO,2005-08-05 17:00:00,0.0,False
28079004,Plaza de España,439579.34,4.4750495e+06,8,NO2,2005-03-06 19:00:00,52.0,False
28079024,Casa de Campo,436598.56,4.4745715e+06,12,NOX,2005-01-20 11:00:00,27.0,False
28079038,Cuatro Caminos,440033.47,4.47745e+06,9,<PM2.5,2005-09-03 15:00:00,20.0,False
28079008,Escuelas Aguirre,442117.25,4.4747705e+06,42,HIDROCARBS_TOTALES,2005-10-09 05:00:00,1.0,False
28079017,Villaverde,439420.7,4.4665325e+06,14,O3,2005-03-11 03:00:00,4.0,False
28079008,Escuelas Aguirre,442117.25,4.4747705e+06,35,ETILBENCENO,2005-12-18 04:00:00,0.0,False
28079024,Casa de Campo,436598.56,4.4745715e+06,10,<PM10,2005-09-09 11:00:00,24.96,True
28079035,Plaza del Carmen,440346.38,4.4745245e+06,12,NOX,2005-01-29 15:00:00,92.0,False
28079040,Vallecas,444701.7,4.471043e+06,12,NOX,2005-08-29 16:00:00,16.0,False
28079035,Plaza del Carmen,440346.38,4.4745245e+06,12,NOX,2005-09-25 09:00:00,89.51219,True
28079035,Plaza del Carmen,440346.38,4.4745245e+06,1,SO2,2005-08-18 04:00:00,7.0,False
28079011,Ramón y Cajal,442564.03,4.4780885e+06,7,NO,2005-03-03 04:00:00,2.0,False
28079039,Barrio del Pilar,439689.06,4.4810815e+06,7,NO,2005-12-06 13:00:00,24.0,False
28079017,Villaverde,439420.7,4.4665325e+06,1,SO2,2005-03-02 17:00:00,7.0,False
28079004,Plaza de España,439579.34,4.4750495e+06,12,NOX,2005-06-13 02:00:00,35.0,False
28079008,Escuelas Aguirre,442117.25,4.4747705e+06,20,TOLUENO,2005-04-17 06:00:00,0.0,False
28079011,Ramón y Cajal,442564.03,4.4780885e+06,8,NO2,2005-06-15 00:00:00,80.0,False
28079035,Plaza del Carmen,440346.38,4.4745245e+06,6,CO,2005-10-15 12:00:00,0.0,False
28079035,Plaza del Carmen,440346.38,4.4745245e+06,1,SO2,2005-04-25 17:00:00,5.0,False
28079038,Cuatro Caminos,440033.47,4.47745e+06,7,NO,2005-04-06 15:00:00,24.0,False
28079024,Casa de Campo,436598.56,4.4745715e+06,6,CO,2005-12-11 08:00:00,0.0,False
28079017,Villaverde,439420.7,4.4665325e+06,12,NOX,2005-02-23 03:00:00,41.0,False
28079008,Escuelas Aguirre,442117.25,4.4747705e+06,30,BENCENO,2005-09-22 14:00:00,0.0,False
28079027,Barajas Pueblo,450835.2,4.480854e+06,8,NO2,2005-04-06 01:00:00,27.0,False
28079038,Cuatro Caminos,440033.47,4.47745e+06,1,SO2,2005-04-19 00:00:00,9.0,False
28079018,Farolillo,437891.7,4.471833e+06,14,O3,2005-03-16 11:00:00,38.0,False
28079016,Arturo Soria,445786.2,4.476796e+06,6,CO,2005-12-11 06:00:00,0.0,False
28079027,Barajas Pueblo,450835.2,4.480854e+06,42,HIDROCARBS_TOTALES,2005-07-26 03:00:00,1.0,False
28079027,Barajas Pueblo,450835.2,4.480854e+06,12,NOX,2005-03-30 07:00:00,94.0,False
28079040,Vallecas,444701.7,4.471043e+06,12,NOX,2005-09-17 14:00:00,14.0,False
28079027,Barajas Pueblo,450835.2,4.480854e+06,7,NO,2005-02-27 06:00:00,15.0,False
28079035,Plaza del Carmen,440346.38,4.4745245e+06,7,NO,2005-09-04 20:00:00,2.0,False
28079016,Arturo Soria,445786.2,4.476796e+06,6,CO,2005-07-08 22:00:00,0.0,False
28079016,Arturo Soria,445786.2,4.476796e+06,8,NO2,2005-11-29 12:00:00,79.0,False
28079024,Casa de Campo,436598.56,4.4745715e+06,44,HIDROCARBS_NO_METANICOS,2005-04-09 11:00:00,0.0,False
28079035,Plaza del Carmen,440346.38,4.4745245e+06,8,NO2,2005-01-08 06:00:00,89.36842,True
28079039,Barrio del Pilar,439689.06,4.4810815e+06,6,CO,2005-05-17 18:00:00,0.0,False
28079035,Plaza del Carmen,440346.38,4.4745245e+06,6,CO,2005-03-26 21:00:00,0.0,False
28079008,Escuelas Aguirre,442117.25,4.4747705e+06,6,CO,2005-03-09 04:00:00,0.0,False
28079018,Farolillo,437891.7,4.471833e+06,10,<PM10,2005-07-12 18:00:00,12.0,False
28079008,Escuelas Aguirre,442117.25,4.4747705e+06,1,SO2,2005-02-19 04:00:00,15.0,False
28079004,Plaza de España,439579.34,4.4750495e+06,1,SO2,2005-11-06 13:00:00,9.0,False
28079016,Arturo Soria,445786.2,4.476796e+06,14,O3,2005-12-22 17:00:00,6.0,False
28079016,Arturo Soria,445786.2,4.476796e+06,6,CO,2005-03-28 18:00:00,0.0,False
28079038,Cuatro Caminos,440033.47,4.47745e+06,7,NO,2005-12-04 09:00:00,3.0,False
28079018,Farolillo,437891.7,4.471833e+06,8,NO2,2005-06-24 12:00:00,46.0,False
28079024,Casa de Campo,436598.56,4.4745715e+06,44,HIDROCARBS_NO_METANICOS,2005-08-21 10:00:00,0.0,False
28079024,Casa de Campo,436598.56,4.4745715e+06,8,NO2,2005-06-03 14:00:00,17.0,False
28079038,Cuatro Caminos,440033.47,4.47745e+06,8,NO2,2005-08-13 20:00:00,50.0,False
28079035,Plaza del Carmen,440346.38,4.4745245e+06,7,NO,2005-09-16 04:00:00,143.0,False
28079018,Farolillo,437891.7,4.471833e+06,8,NO2,2005-04-21 09:00:00,32.0,False
28079018,Farolillo,437891.7,4.471833e+06,6,CO,2005-01-10 01:00:00,1.0,False
28079040,Vallecas,444701.7,4.471043e+06,12,NOX,2005-03-08 12:00:00,95.0,False
28079008,Escuelas Aguirre,442117.25,4.4747705e+06,44,HIDROCARBS_NO_METANICOS,2005-10-20 13:00:00,0.0,False
28079024,Casa de Campo,436598.56,4.4745715e+06,14,O3,2005-10-25 21:00:00,4.0,False
28079008,Escuelas Aguirre,442117.25,4.4747705e+06,10,<PM10,2005-01-12 03:00:00,45.0,False
28079018,Farolillo,437891.7,4.471833e+06,6,CO,2005-03-11 16:00:00,0.0,False
28079017,Villaverde,439420.7,4.4665325e+06,12,NOX,2005-11-15 21:00:00,279.0,False
28079027,Barajas Pueblo,450835.2,4.480854e+06,8,NO2,2005-06-27 15:00:00,24.0,False
28079036,Moratalaz,445245.5,4.4732375e+06,7,NO,2005-08-12 17:00:00,6.0,False
28079018,Farolillo,437891.7,4.471833e+06,6,CO,2005-05-03 10:00:00,0.0,False
28079040,Vallecas,444701.7,4.471043e+06,7,NO,2005-12-06 00:00:00,5.0,False
28079040,Vallecas,444701.7,4.471043e+06,10,<PM10,2005-09-08 11:00:00,32.0,False
28079035,Plaza del Carmen,440346.38,4.4745245e+06,7,NO,2005-04-14 02:00:00,37.0,False
28079027,Barajas Pueblo,450835.2,4.480854e+06,43,METANO,2005-09-28 16:00:00,1.0,False
28079004,Plaza de España,439579.34,4.4750495e+06,7,NO,2005-05-09 13:00:00,20.0,False
28079018,Farolillo,437891.7,4.471833e+06,12,NOX,2005-12-17 03:00:00,255.0,False
28079008,Escuelas Aguirre,442117.25,4.4747705e+06,6,CO,2005-09-18 19:00:00,0.0,False
28079008,Escuelas Aguirre,442117.25,4.4747705e+06,10,<PM10,2005-07-15 05:00:00,39.0,False
28079040,Vallecas,444701.7,4.471043e+06,1,SO2,2005-08-31 02:00:00,6.0,False
28079036,Moratalaz,445245.5,4.4732375e+06,10,<PM10,2005-04-15 21:00:00,18.0,False
28079038,Cuatro Caminos,440033.47,4.47745e+06,1,SO2,2005-10-05 08:00:00,20.0,False
28079008,Escuelas Aguirre,442117.25,4.4747705e+06,20,TOLUENO,2005-04-16 22:00:00,1.0,False
28079038,Cuatro Caminos,440033.47,4.47745e+06,10,<PM10,2005-07-25 16:00:00,10.0,False
28079039,Barrio del Pilar,439689.06,4.4810815e+06,14,O3,2005-06-18 04:00:00,72.0,False
28079004,Plaza de España,439579.34,4.4750495e+06,12,NOX,2005-01-14 11:00:00,598.0,False
28079040,Vallecas,444701.7,4.471043e+06,10,<PM10,2005-10-03 17:00:00,22.0,False
28079024,Casa de Campo,436598.56,4.4745715e+06,7,NO,2005-03-30 04:00:00,0.0,False
28079024,Casa de Campo,436598.56,4.4745715e+06,12,NOX,2005-03-28 06:00:00,13.0,False
28079011,Ramón y Cajal,442564.03,4.4780885e+06,8,NO2,2005-02-21 13:00:00,59.0,False
28079027,Barajas Pueblo,450835.2,4.480854e+06,7,NO,2005-07-13 21:00:00,14.0,False
28079011,Ramón y Cajal,442564.03,4.4780885e+06,8,NO2,2005-04-22 04:00:00,71.0,False
28079027,Barajas Pueblo,450835.2,4.480854e+06,8,NO2,2005-08-07 10:00:00,21.0,False
28079036,Moratalaz,445245.5,4.4732375e+06,7,NO,2005-09-14 08:00:00,198.0,False
28079024,Casa de Campo,436598.56,4.4745715e+06,1,SO2,2005-09-16 17:00:00,8.0,False
28079039,Barrio del Pilar,439689.06,4.4810815e+06,6,CO,2005-12-03 09:00:00,0.0,False
28079038,Cuatro Caminos,440033.47,4.47745e+06,8,NO2,2005-04-01 23:00:00,48.0,False
28079004,Plaza de España,439579.34,4.4750495e+06,7,NO,2005-08-07 12:00:00,9.0,False
28079024,Casa de Campo,436598.56,4.4745715e+06,6,CO,2005-05-15 00:00:00,0.0,False
28079039,Barrio del Pilar,439689.06,4.4810815e+06,8,NO2,2005-10-27 13:00:00,51.0,False
28079016,Arturo Soria,445786.2,4.476796e+06,14,O3,2005-07-12 09:00:00,57.0,False
28079024,Casa de Campo,436598.56,4.4745715e+06,1,SO2,2005-03-27 20:00:00,5.0,False
28079008,Escuelas Aguirre,442117.25,4.4747705e+06,42,HIDROCARBS_TOTALES,2005-02-09 19:00:00,1.0,False
28079035,Plaza del Carmen,440346.38,4.4745245e+06,14,O3,2005-08-06 01:00:00,44.0,False
28079036,Moratalaz,445245.5,4.4732375e+06,6,CO,2005-09-18 20:00:00,0.0,False
28079008,Escuelas Aguirre,442117.25,4.4747705e+06,43,METANO,2005-08-13 03:00:00,1.0,False
28079016,Arturo Soria,445786.2,4.476796e+06,14,O3,2005-12-12 11:00:00,24.0,False
28079024,Casa de Campo,436598.56,4.4745715e+06,43,METANO,2005-09-05 16:00:00,1.0,False
28079036,Moratalaz,445245.5,4.4732375e+06,12,NOX,2005-06-04 07:00:00,57.0,False
28079040,Vallecas,444701.7,4.471043e+06,8,NO2,2005-04-13 09:00:00,41.0,False
28079008,Escuelas Aguirre,442117.25,4.4747705e+06,1,SO2,2005-08-09 23:00:00,5.0,False
28079017,Villaverde,439420.7,4.4665325e+06,1,SO2,2005-10-02 16:00:00,9.0,False
28079008,Escuelas Aguirre,442117.25,4.4747705e+06,8,NO2,2005-09-14 10:00:00,87.0,False
28079027,Barajas Pueblo,450835.2,4.480854e+06,8,NO2,2005-02-16 00:00:00,52.0,False
28079038,Cuatro Caminos,440033.47,4.47745e+06,1,SO2,2005-08-07 10:00:00,8.0,False
28079027,Barajas Pueblo,450835.2,4.480854e+06,42,HIDROCARBS_TOTALES,2005-01-11 17:00:00,1.0,False
28079040,Vallecas,444701.7,4.471043e+06,8,NO2,2005-08-22 08:00:00,48.0,False
28079008,Escuelas Aguirre,442117.25,4.4747705e+06,6,CO,2005-07-27 06:00:00,0.0,False
28079035,Plaza del Carmen,440346.38,4.4745245e+06,6,CO,2005-01-22 15:00:00,1.0,False
28079038,Cuatro Caminos,440033.47,4.47745e+06,7,NO,2005-04-04 08:00:00,84.0,False
28079016,Arturo Soria,445786.2,4.476796e+06,8,NO2,2005-03-09 11:00:00,75.0,False
28079024,Casa de Campo,436598.56,4.4745715e+06,42,HIDROCARBS_TOTALES,2005-03-07 17:00:00,1.0,False
28079036,Moratalaz,445245.5,4.4732375e+06,12,NOX,2005-05-26 00:00:00,90.0,False
28079016,Arturo Soria,445786.2,4.476796e+06,12,NOX,2005-05-05 02:00:00,8.0,False
28079024,Casa de Campo,436598.56,4.4745715e+06,10,<PM10,2005-12-24 19:00:00,35.0,False
28079038,Cuatro Caminos,440033.47,4.47745e+06,12,NOX,2005-05-16 20:00:00,92.0,False
28079016,Arturo Soria,445786.2,4.476796e+06,8,NO2,2005-04-18 15:00:00,45.0,False
28079008,Escuelas Aguirre,442117.25,4.4747705e+06,44,HIDROCARBS_NO_METANICOS,2005-02-11 00:00:00,1.0,False
28079024,Casa de Campo,436598.56,4.4745715e+06,10,<PM10,2005-11-16 15:00:00,59.0,False
28079004,Plaza de España,439579.34,4.4750495e+06,8,NO2,2005-12-20 17:00:00,89.0,False
28079024,Casa de Campo,436598.56,4.4745715e+06,42,HIDROCARBS_TOTALES,2005-11-21 07:00:00,1.0,False
28079038,Cuatro Caminos,440033.47,4.47745e+06,12,NOX,2005-03-28 11:00:00,74.0,False
28079008,Escuelas Aguirre,442117.25,4.4747705e+06,42,HIDROCARBS_TOTALES,2005-07-21 04:00:00,1.0,False
28079018,Farolillo,437891.7,4.471833e+06,7,NO,2005-05-27 10:00:00,58.0,False
28079011,Ramón y Cajal,442564.03,4.4780885e+06,8,NO2,2005-10-14 21:00:00,90.0,False
28079040,Vallecas,444701.7,4.471043e+06,1,SO2,2005-06-12 20:00:00,6.0,False
28079018,Farolillo,437891.7,4.471833e+06,8,NO2,2005-12-23 08:00:00,122.0,False
28079024,Casa de Campo,436598.56,4.4745715e+06,6,CO,2005-11-03 12:00:00,0.0,False
28079027,Barajas Pueblo,450835.2,4.480854e+06,8,NO2,2005-01-11 04:00:00,53.0,False
28079035,Plaza del Carmen,440346.38,4.4745245e+06,8,NO2,2005-12-25 10:00:00,28.0,False
28079024,Casa de Campo,436598.56,4.4745715e+06,10,<PM10,2005-03-05 07:00:00,31.0,False
28079027,Barajas Pueblo,450835.2,4.480854e+06,43,METANO,2005-01-27 22:00:00,1.0,False
28079035,Plaza del Carmen,440346.38,4.4745245e+06,14,O3,2005-09-21 12:00:00,19.0,False
28079024,Casa de Campo,436598.56,4.4745715e+06,7,NO,2005-02-01 21:00:00,6.0,False
28079008,Escuelas Aguirre,442117.25,4.4747705e+06,30,BENCENO,2005-05-18 18:00:00,0.0,False
28079024,Casa de Campo,436598.56,4.4745715e+06,43,METANO,2005-11-14 04:00:00,1.0,False
28079039,Barrio del Pilar,439689.06,4.4810815e+06,7,NO,2005-04-07 12:00:00,26.0,False
28079038,Cuatro Caminos,440033.47,4.47745e+06,1,SO2,2005-12-04 09:00:00,10.0,False
28079027,Barajas Pueblo,450835.2,4.480854e+06,12,NOX,2005-12-03 05:00:00,13.0,False
28079027,Barajas Pueblo,450835.2,4.480854e+06,12,NOX,2005-03-18 11:00:00,35.0,False
28079036,Moratalaz,445245.5,4.4732375e+06,10,<PM10,2005-04-04 09:00:00,41.0,False
28079016,Arturo Soria,445786.2,4.476796e+06,14,O3,2005-11-04 19:00:00,12.0,False
28079038,Cuatro Caminos,440033.47,4.47745e+06,10,<PM10,2005-12-14 17:00:00,41.0,False
28079035,Plaza del Carmen,440346.38,4.4745245e+06,6,CO,2005-07-30 06:00:00,0.0,False
28079008,Escuelas Aguirre,442117.25,4.4747705e+06,30,BENCENO,2005-01-10 09:00:00,6.0,False
28079036,Moratalaz,445245.5,4.4732375e+06,12,NOX,2005-05-28 01:00:00,106.0,False
28079018,Farolillo,437891.7,4.471833e+06,8,NO2,2005-07-06 06:00:00,24.0,False
28079036,Moratalaz,445245.5,4.4732375e+06,8,NO2,2005-08-24 11:00:00,87.0,False
28079039,Barrio del Pilar,439689.06,4.4810815e+06,12,NOX,2005-02-14 07:00:00,91.0,False
28079004,Plaza de España,439579.34,4.4750495e+06,8,NO2,2005-01-25 23:00:00,31.0,False
28079008,Escuelas Aguirre,442117.25,4.4747705e+06,6,CO,2005-05-23 05:00:00,0.0,False
28079024,Casa de Campo,436598.56,4.4745715e+06,14,O3,2005-11-27 07:00:00,56.0,False
28079027,Barajas Pueblo,450835.2,4.480854e+06,43,METANO,2005-02-16 10:00:00,1.0,False
28079036,Moratalaz,445245.5,4.4732375e+06,8,NO2,2005-09-28 23:00:00,213.0,False
28079027,Barajas Pueblo,450835.2,4.480854e+06,44,HIDROCARBS_NO_METANICOS,2005-08-09 00:00:00,0.0,False
28079027,Barajas Pueblo,450835.2,4.480854e+06,44,HIDROCARBS_NO_METANICOS,2005-02-03 05:00:00,0.0,False
28079008,Escuelas Aguirre,442117.25,4.4747705e+06,1,SO2,2005-07-30 13:00:00,4.0,False
28079024,Casa de Campo,436598.56,4.4745715e+06,43,METANO,2005-12-09 20:00:00,1.0,False
28079016,Arturo Soria,445786.2,4.476796e+06,14,O3,2005-02-20 08:00:00,20.0,False
28079038,Cuatro Caminos,440033.47,4.47745e+06,10,<PM10,2005-06-08 00:00:00,31.0,False
28079016,Arturo Soria,445786.2,4.476796e+06,7,NO,2005-03-26 22:00:00,5.0,False
28079036,Moratalaz,445245.5,4.4732375e+06,6,CO,2005-02-16 01:00:00,0.0,False
28079024,Casa de Campo,436598.56,4.4745715e+06,42,HIDROCARBS_TOTALES,2005-06-01 06:00:00,1.0,False
28079008,Escuelas Aguirre,442117.25,4.4747705e+06,44,HIDROCARBS_NO_METANICOS,2005-08-15 02:00:00,0.0,False
28079004,Plaza de España,439579.34,4.4750495e+06,7,NO,2005-03-28 20:00:00,10.0,False
28079018,Farolillo,437891.7,4.471833e+06,1,SO2,2005-08-12 19:00:00,12.0,False
28079024,Casa de Campo,436598.56,4.4745715e+06,8,NO2,2005-09-03 14:00:00,14.0,False
28079040,Vallecas,444701.7,4.471043e+06,12,NOX,2005-03-08 02:00:00,17.0,False
28079040,Vallecas,444701.7,4.471043e+06,7,NO,2005-06-10 20:00:00,6.0,False
28079039,Barrio del Pilar,439689.06,4.4810815e+06,14,O3,2005-04-30 04:00:00,69.0,False
28079008,Escuelas Aguirre,442117.25,4.4747705e+06,43,METANO,2005-12-09 23:00:00,1.0,False
28079036,Moratalaz,445245.5,4.4732375e+06,12,NOX,2005-06-03 14:00:00,76.0,False
28079024,Casa de Campo,436598.56,4.4745715e+06,44,HIDROCARBS_NO_METANICOS,2005-11-07 07:00:00,0.0,False
28079017,Villaverde,439420.7,4.4665325e+06,14,O3,2005-01-13 21:00:00,7.0,False
28079004,Plaza de España,439579.34,4.4750495e+06,12,NOX,2005-02-21 11:00:00,109.0,False
28079040,Vallecas,444701.7,4.471043e+06,12,NOX,2005-03-02 23:00:00,55.0,False
28079027,Barajas Pueblo,450835.2,4.480854e+06,44,HIDROCARBS_NO_METANICOS,2005-08-07 03:00:00,0.0,False
28079016,Arturo Soria,445786.2,4.476796e+06,12,NOX,2005-04-06 16:00:00,48.0,False
28079017,Villaverde,439420.7,4.4665325e+06,7,NO,2005-03-20 00:00:00,311.0,False
28079016,Arturo Soria,445786.2,4.476796e+06,6,CO,2005-12-02 10:00:00,0.0,False
28079017,Villaverde,439420.7,4.4665325e+06,8,NO2,2005-10-21 13:00:00,39.0,False
28079016,Arturo Soria,445786.2,4.476796e+06,12,NOX,2005-12-30 10:00:00,124.13333,True
28079004,Plaza de España,439579.34,4.4750495e+06,12,NOX,2005-09-12 21:00:00,57.0,False
28079008,Escuelas Aguirre,442117.25,4.4747705e+06,1,SO2,2005-05-03 23:00:00,4.0,False
28079016,Arturo Soria,445786.2,4.476796e+06,12,NOX,2005-02-04 02:00:00,18.0,False
28079024,Casa de Campo,436598.56,4.4745715e+06,7,NO,2005-07-25 00:00:00,0.0,False
28079008,Escuelas Aguirre,442117.25,4.4747705e+06,20,TOLUENO,2005-09-21 14:00:00,10.0,False
28079035,Plaza del Carmen,440346.38,4.4745245e+06,8,NO2,2005-08-18 07:00:00,75.0,False
28079017,Villaverde,439420.7,4.4665325e+06,7,NO,2005-04-08 03:00:00,0.0,False
28079035,Plaza del Carmen,440346.38,4.4745245e+06,6,CO,2005-02-24 06:00:00,0.0,False
28079018,Farolillo,437891.7,4.471833e+06,10,<PM10,2005-05-16 02:00:00,25.0,False
28079004,Plaza de España,439579.34,4.4750495e+06,7,NO,2005-09-15 05:00:00,37.0,False
28079024,Casa de Campo,436598.56,4.4745715e+06,14,O3,2005-07-28 21:00:00,81.0,False
28079017,Villaverde,439420.7,4.4665325e+06,7,NO,2005-01-16 08:00:00,247.0,False
28079039,Barrio del Pilar,439689.06,4.4810815e+06,7,NO,2005-01-17 11:00:00,73.0,False
28079024,Casa de Campo,436598.56,4.4745715e+06,9,<PM2.5,2005-06-27 22:00:00,20.0,False
28079024,Casa de Campo,436598.56,4.4745715e+06,10,<PM10,2005-06-19 06:00:00,59.0,False
28079038,Cuatro Caminos,440033.47,4.47745e+06,1,SO2,2005-09-16 08:00:00,18.0,False
28079036,Moratalaz,445245.5,4.4732375e+06,6,CO,2005-09-25 06:00:00,0.0,False
28079040,Vallecas,444701.7,4.471043e+06,10,<PM10,2005-10-25 17:00:00,61.0,False
28079017,Villaverde,439420.7,4.4665325e+06,14,O3,2005-06-30 21:00:00,54.0,False
28079039,Barrio del Pilar,439689.06,4.4810815e+06,8,NO2,2005-09-07 19:00:00,41.0,False
28079011,Ramón y Cajal,442564.03,4.4780885e+06,8,NO2,2005-05-29 22:00:00,31.0,False
28079038,Cuatro Caminos,440033.47,4.47745e+06,1,SO2,2005-11-01 13:00:00,9.0,False
28079016,Arturo Soria,445786.2,4.476796e+06,8,NO2,2005-04-11 12:00:00,22.0,False
28079018,Farolillo,437891.7,4.471833e+06,1,SO2,2005-05-10 21:00:00,8.0,False
28079017,Villaverde,439420.7,4.4665325e+06,14,O3,2005-04-17 05:00:00,69.0,False
28079018,Farolillo,437891.7,4.471833e+06,12,NOX,2005-10-01 18:00:00,40.0,False
28079004,Plaza de España,439579.34,4.4750495e+06,7,NO,2005-03-29 13:00:00,19.0,False
28079027,Barajas Pueblo,450835.2,4.480854e+06,43,METANO,2005-05-17 22:00:00,1.0,False
28079008,Escuelas Aguirre,442117.25,4.4747705e+06,14,O3,2005-04-06 09:00:00,11.0,False
28079024,Casa de Campo,436598.56,4.4745715e+06,12,NOX,2005-08-06 04:00:00,14.0,False
28079036,Moratalaz,445245.5,4.4732375e+06,7,NO,2005-12-25 02:00:00,97.0,False
28079038,Cuatro Caminos,440033.47,4.47745e+06,12,NOX,2005-03-21 02:00:00,66.0,False
28079018,Farolillo,437891.7,4.471833e+06,8,NO2,2005-12-20 04:00:00,60.0,False
28079011,Ramón y Cajal,442564.03,4.4780885e+06,8,NO2,2005-11-21 18:00:00,82.0,False
28079039,Barrio del Pilar,439689.06,4.4810815e+06,14,O3,2005-09-16 09:00:00,5.0,False
28079024,Casa de Campo,436598.56,4.4745715e+06,8,NO2,2005-07-18 15:00:00,4.0,False
28079038,Cuatro Caminos,440033.47,4.47745e+06,12,NOX,2005-07-12 21:00:00,194.0,False
28079035,Plaza del Carmen,440346.38,4.4745245e+06,7,NO,2005-12-29 14:00:00,33.0,False
28079018,Farolillo,437891.7,4.471833e+06,14,O3,2005-04-24 05:00:00,70.0,False
28079018,Farolillo,437891.7,4.471833e+06,1,SO2,2005-07-19 21:00:00,12.0,False
28079040,Vallecas,444701.7,4.471043e+06,8,NO2,2005-08-18 10:00:00,44.0,False
28079004,Plaza de España,439579.34,4.4750495e+06,6,CO,2005-12-27 12:00:00,0.0,False
28079038,Cuatro Caminos,440033.47,4.47745e+06,8,NO2,2005-08-01 15:00:00,33.0,False
28079027,Barajas Pueblo,450835.2,4.480854e+06,43,METANO,2005-04-03 11:00:00,1.0,False
28079027,Barajas Pueblo,450835.2,4.480854e+06,44,HIDROCARBS_NO_METANICOS,2005-08-31 20:00:00,0.0,False
28079035,Plaza del Carmen,440346.38,4.4745245e+06,7,NO,2005-11-10 08:00:00,36.0,False
28079035,Plaza del Carmen,440346.38,4.4745245e+06,6,CO,2005-06-01 02:00:00,0.0,False
28079027,Barajas Pueblo,450835.2,4.480854e+06,44,HIDROCARBS_NO_METANICOS,2005-07-31 00:00:00,0.0,False
28079008,Escuelas Aguirre,442117.25,4.4747705e+06,7,NO,2005-04-10 21:00:00,20.0,False
28079004,Plaza de España,439579.34,4.4750495e+06,6,CO,2005-11-21 17:00:00,0.0,False
28079008,Escuelas Aguirre,442117.25,4.4747705e+06,14,O3,2005-03-17 19:00:00,13.0,False
28079036,Moratalaz,445245.5,4.4732375e+06,7,NO,2005-10-08 11:00:00,21.0,False
28079004,Plaza de España,439579.34,4.4750495e+06,8,NO2,2005-04-08 20:00:00,36.0,False
28079016,Arturo Soria,445786.2,4.476796e+06,6,CO,2005-08-02 14:00:00,0.0,False
28079036,Moratalaz,445245.5,4.4732375e+06,8,NO2,2005-11-02 09:00:00,89.6647,True
28079018,Farolillo,437891.7,4.471833e+06,14,O3,2005-12-17 20:00:00,6.0,False
28079011,Ramón y Cajal,442564.03,4.4780885e+06,8,NO2,2005-02-01 22:00:00,59.0,False
28079040,Vallecas,444701.7,4.471043e+06,1,SO2,2005-03-15 04:00:00,10.0,False
28079040,Vallecas,444701.7,4.471043e+06,1,SO2,2005-10-04 07:00:00,7.0,False
28079040,Vallecas,444701.7,4.471043e+06,7,NO,2005-05-27 04:00:00,0.0,False
28079040,Vallecas,444701.7,4.471043e+06,10,<PM10,2005-10-10 06:00:00,23.0,False
28079036,Moratalaz,445245.5,4.4732375e+06,6,CO,2005-02-15 22:00:00,0.0,False
28079016,Arturo Soria,445786.2,4.476796e+06,12,NOX,2005-04-11 13:00:00,23.0,False
28079018,Farolillo,437891.7,4.471833e+06,1,SO2,2005-05-05 17:00:00,9.0,False
28079036,Moratalaz,445245.5,4.4732375e+06,1,SO2,2005-08-09 18:00:00,6.0,False
28079036,Moratalaz,445245.5,4.4732375e+06,7,NO,2005-03-09 16:00:00,48.0,False
28079018,Farolillo,437891.7,4.471833e+06,1,SO2,2005-09-14 15:00:00,12.0,False
28079027,Barajas Pueblo,450835.2,4.480854e+06,42,HIDROCARBS_TOTALES,2005-01-28 16:00:00,1.0,False
28079039,Barrio del Pilar,439689.06,4.4810815e+06,6,CO,2005-03-18 13:00:00,0.0,False
28079027,Barajas Pueblo,450835.2,4.480854e+06,8,NO2,2005-06-01 21:00:00,66.0,False
28079011,Ramón y Cajal,442564.03,4.4780885e+06,12,NOX,2005-09-13 03:00:00,52.0,False
28079017,Villaverde,439420.7,4.4665325e+06,7,NO,2005-01-24 19:00:00,3.0,False
28079024,Casa de Campo,436598.56,4.4745715e+06,14,O3,2005-07-02 06:00:00,66.0,False
28079008,Escuelas Aguirre,442117.25,4.4747705e+06,42,HIDROCARBS_TOTALES,2005-08-23 21:00:00,1.0,False
28079024,Casa de Campo,436598.56,4.4745715e+06,9,<PM2.5,2005-11-22 16:00:00,17.0,False
28079035,Plaza del Carmen,440346.38,4.4745245e+06,1,SO2,2005-05-30 05:00:00,6.0,False
28079008,Escuelas Aguirre,442117.25,4.4747705e+06,7,NO,2005-03-28 17:00:00,36.0,False
28079040,Vallecas,444701.7,4.471043e+06,7,NO,2005-05-31 15:00:00,4.0,False
28079024,Casa de Campo,436598.56,4.4745715e+06,1,SO2,2005-10-12 21:00:00,7.0,False
28079016,Arturo Soria,445786.2,4.476796e+06,14,O3,2005-01-17 21:00:00,10.0,False
28079024,Casa de Campo,436598.56,4.4745715e+06,1,SO2,2005-02-25 19:00:00,7.0,False
28079035,Plaza del Carmen,440346.38,4.4745245e+06,1,SO2,2005-09-07 23:00:00,5.0,False
28079036,Moratalaz,445245.5,4.4732375e+06,6,CO,2005-06-09 11:00:00,0.0,False
28079004,Plaza de España,439579.34,4.4750495e+06,8,NO2,2005-03-29 19:00:00,46.0,False
28079035,Plaza del Carmen,440346.38,4.4745245e+06,7,NO,2005-09-18 23:00:00,11.0,False
28079035,Plaza del Carmen,440346.38,4.4745245e+06,8,NO2,2005-06-22 05:00:00,24.0,False
28079027,Barajas Pueblo,450835.2,4.480854e+06,12,NOX,2005-01-15 08:00:00,286.0,False
28079035,Plaza del Carmen,440346.38,4.4745245e+06,1,SO2,2005-08-17 21:00:00,6.0,False
28079018,Farolillo,437891.7,4.471833e+06,14,O3,2005-11-19 04:00:00,4.0,False
28079035,Plaza del Carmen,440346.38,4.4745245e+06,12,NOX,2005-03-01 16:00:00,87.0,False
28079008,Escuelas Aguirre,442117.25,4.4747705e+06,30,BENCENO,2005-10-13 22:00:00,0.0,False
28079011,Ramón y Cajal,442564.03,4.4780885e+06,8,NO2,2005-06-20 22:00:00,35.0,False
28079027,Barajas Pueblo,450835.2,4.480854e+06,12,NOX,2005-06-30 19:00:00,25.0,False
28079004,Plaza de España,439579.34,4.4750495e+06,8,NO2,2005-12-23 07:00:00,99.0,False
28079016,Arturo Soria,445786.2,4.476796e+06,7,NO,2005-12-15 23:00:00,4.0,False
28079039,Barrio del Pilar,439689.06,4.4810815e+06,8,NO2,2005-08-04 07:00:00,58.0,False
28079036,Moratalaz,445245.5,4.4732375e+06,8,NO2,2005-10-14 04:00:00,66.0,False
28079035,Plaza del Carmen,440346.38,4.4745245e+06,8,NO2,2005-05-23 01:00:00,36.0,False
28079038,Cuatro Caminos,440033.47,4.47745e+06,1,SO2,2005-12-17 18:00:00,26.0,False
28079004,Plaza de España,439579.34,4.4750495e+06,8,NO2,2005-08-17 02:00:00,93.0,False
28079036,Moratalaz,445245.5,4.4732375e+06,12,NOX,2005-07-01 03:00:00,69.0,False
28079008,Escuelas Aguirre,442117.25,4.4747705e+06,20,TOLUENO,2005-03-29 10:00:00,3.0,False
28079008,Escuelas Aguirre,442117.25,4.4747705e+06,30,BENCENO,2005-12-17 18:00:00,0.0,False
28079011,Ramón y Cajal,442564.03,4.4780885e+06,8,NO2,2005-06-09 01:00:00,14.0,False
28079004,Plaza de España,439579.34,4.4750495e+06,12,NOX,2005-01-11 02:00:00,358.0,False
28079008,Escuelas Aguirre,442117.25,4.4747705e+06,12,NOX,2005-03-30 01:00:00,62.0,False
28079018,Farolillo,437891.7,4.471833e+06,14,O3,2005-04-02 22:00:00,12.0,False
28079008,Escuelas Aguirre,442117.25,4.4747705e+06,20,TOLUENO,2005-11-07 03:00:00,0.0,False
28079040,Vallecas,444701.7,4.471043e+06,8,NO2,2005-12-18 11:00:00,16.0,False
28079036,Moratalaz,445245.5,4.4732375e+06,1,SO2,2005-11-28 03:00:00,6.0,False
28079040,Vallecas,444701.7,4.471043e+06,8,NO2,2005-11-01 12:00:00,23.0,False
28079008,Escuelas Aguirre,442117.25,4.4747705e+06,12,NOX,2005-01-15 05:00:00,165.0,False
28079038,Cuatro Caminos,440033.47,4.47745e+06,7,NO,2005-02-22 14:00:00,21.0,False
28079008,Escuelas Aguirre,442117.25,4.4747705e+06,14,O3,2005-07-07 13:00:00,59.0,False
28079035,Plaza del Carmen,440346.38,4.4745245e+06,6,CO,2005-08-07 22:00:00,2.0,False
28079040,Vallecas,444701.7,4.471043e+06,1,SO2,2005-09-14 04:00:00,6.0,False
28079017,Villaverde,439420.7,4.4665325e+06,1,SO2,2005-04-22 22:00:00,7.0,False
28079039,Barrio del Pilar,439689.06,4.4810815e+06,8,NO2,2005-07-31 01:00:00,27.0,False
28079018,Farolillo,437891.7,4.471833e+06,10,<PM10,2005-04-08 02:00:00,18.0,False
28079035,Plaza del Carmen,440346.38,4.4745245e+06,6,CO,2005-08-19 02:00:00,0.0,False
28079008,Escuelas Aguirre,442117.25,4.4747705e+06,10,<PM10,2005-06-29 23:00:00,17.0,False
28079035,Plaza del Carmen,440346.38,4.4745245e+06,7,NO,2005-01-09 11:00:00,111.0,False
28079036,Moratalaz,445245.5,4.4732375e+06,6,CO,2005-02-20 05:00:00,0.0,False
28079040,Vallecas,444701.7,4.471043e+06,1,SO2,2005-03-12 04:00:00,7.0,False
28079027,Barajas Pueblo,450835.2,4.480854e+06,12,NOX,2005-01-03 18:00:00,256.0,False
28079040,Vallecas,444701.7,4.471043e+06,7,NO,2005-12-05 17:00:00,20.0,False
28079027,Barajas Pueblo,450835.2,4.480854e+06,8,NO2,2005-08-07 17:00:00,13.0,False
28079035,Plaza del Carmen,440346.38,4.4745245e+06,6,CO,2005-02-28 01:00:00,0.0,False
28079036,Moratalaz,445245.5,4.4732375e+06,8,NO2,2005-06-09 15:00:00,51.0,False
28079036,Moratalaz,445245.5,4.4732375e+06,6,CO,2005-08-12 18:00:00,0.0,False
28079038,Cuatro Caminos,440033.47,4.47745e+06,7,NO,2005-12-23 18:00:00,249.0,False
28079038,Cuatro Caminos,440033.47,4.47745e+06,10,<PM10,2005-07-16 17:00:00,26.0,False
28079040,Vallecas,444701.7,4.471043e+06,7,NO,2005-01-26 05:00:00,1.0,False
28079008,Escuelas Aguirre,442117.25,4.4747705e+06,42,HIDROCARBS_TOTALES,2005-01-29 18:00:00,1.0,False
28079039,Barrio del Pilar,439689.06,4.4810815e+06,12,NOX,2005-01-07 00:00:00,92.0,False
28079017,Villaverde,439420.7,4.4665325e+06,14,O3,2005-06-02 05:00:00,44.0,False
28079024,Casa de Campo,436598.56,4.4745715e+06,12,NOX,2005-05-14 01:00:00,18.0,False
28079016,Arturo Soria,445786.2,4.476796e+06,8,NO2,2005-05-06 00:00:00,14.0,False
28079011,Ramón y Cajal,442564.03,4.4780885e+06,12,NOX,2005-12-18 18:00:00,307.0,False
28079039,Barrio del Pilar,439689.06,4.4810815e+06,7,NO,2005-04-17 05:00:00,5.0,False
28079035,Plaza del Carmen,440346.38,4.4745245e+06,14,O3,2005-10-19 11:00:00,12.0,False
28079039,Barrio del Pilar,439689.06,4.4810815e+06,6,CO,2005-03-29 21:00:00,0.0,False
28079039,Barrio del Pilar,439689.06,4.4810815e+06,14,O3,2005-02-02 07:00:00,4.0,False
28079008,Escuelas Aguirre,442117.25,4.4747705e+06,30,BENCENO,2005-06-30 10:00:00,0.0,False
28079035,Plaza del Carmen,440346.38,4.4745245e+06,8,NO2,2005-05-05 23:00:00,18.0,False
28079040,Vallecas,444701.7,4.471043e+06,12,NOX,2005-06-28 12:00:00,27.0,False
28079038,Cuatro Caminos,440033.47,4.47745e+06,9,<PM2.5,2005-10-16 23:00:00,21.0,False
28079008,Escuelas Aguirre,442117.25,4.4747705e+06,30,BENCENO,2005-10-27 09:00:00,0.0,False
28079008,Escuelas Aguirre,442117.25,4.4747705e+06,35,ETILBENCENO,2005-10-15 10:00:00,1.0,False
28079008,Escuelas Aguirre,442117.25,4.4747705e+06,14,O3,2005-07-26 16:00:00,47.0,False
28079038,Cuatro Caminos,440033.47,4.47745e+06,10,<PM10,2005-01-23 23:00:00,44.0,False
28079008,Escuelas Aguirre,442117.25,4.4747705e+06,7,NO,2005-02-10 17:00:00,98.0,False
28079036,Moratalaz,445245.5,4.4732375e+06,7,NO,2005-11-29 21:00:00,11.0,False
28079008,Escuelas Aguirre,442117.25,4.4747705e+06,20,TOLUENO,2005-08-10 13:00:00,2.2474227,True
28079011,Ramón y Cajal,442564.03,4.4780885e+06,12,NOX,2005-03-24 15:00:00,55.0,False
28079017,Villaverde,439420.7,4.4665325e+06,7,NO,2005-11-12 09:00:00,63.0,False
28079024,Casa de Campo,436598.56,4.4745715e+06,12,NOX,2005-06-17 04:00:00,12.0,False
28079016,Arturo Soria,445786.2,4.476796e+06,7,NO,2005-06-11 05:00:00,5.0,False
28079018,Farolillo,437891.7,4.471833e+06,8,NO2,2005-11-26 23:00:00,34.0,False
28079038,Cuatro Caminos,440033.47,4.47745e+06,10,<PM10,2005-11-22 01:00:00,19.0,False
28079040,Vallecas,444701.7,4.471043e+06,10,<PM10,2005-06-06 22:00:00,76.0,False
28079035,Plaza del Carmen,440346.38,4.4745245e+06,8,NO2,2005-03-31 06:00:00,67.0,False
28079027,Barajas Pueblo,450835.2,4.480854e+06,44,HIDROCARBS_NO_METANICOS,2005-03-24 07:00:00,0.0,False
28079027,Barajas Pueblo,450835.2,4.480854e+06,43,METANO,2005-09-29 19:00:00,1.0,False
28079008,Escuelas Aguirre,442117.25,4.4747705e+06,35,ETILBENCENO,2005-05-15 08:00:00,1.0,False
28079035,Plaza del Carmen,440346.38,4.4745245e+06,8,NO2,2005-06-18 19:00:00,41.0,False
28079036,Moratalaz,445245.5,4.4732375e+06,8,NO2,2005-12-29 15:00:00,68.0,False
28079018,Farolillo,437891.7,4.471833e+06,14,O3,2005-06-23 16:00:00,21.0,False
28079008,Escuelas Aguirre,442117.25,4.4747705e+06,12,NOX,2005-10-24 11:00:00,228.0,False
28079024,Casa de Campo,436598.56,4.4745715e+06,12,NOX,2005-08-22 06:00:00,13.0,False
28079024,Casa de Campo,436598.56,4.4745715e+06,14,O3,2005-12-09 19:00:00,52.0,False
28079008,Escuelas Aguirre,442117.25,4.4747705e+06,12,NOX,2005-02-23 23:00:00,97.0,False
28079008,Escuelas Aguirre,442117.25,4.4747705e+06,43,METANO,2005-10-08 01:00:00,4.0,False
28079011,Ramón y Cajal,442564.03,4.4780885e+06,12,NOX,2005-07-22 23:00:00,83.0,False
28079008,Escuelas Aguirre,442117.25,4.4747705e+06,42,HIDROCARBS_TOTALES,2005-04-16 19:00:00,1.0,False
28079040,Vallecas,444701.7,4.471043e+06,10,<PM10,2005-09-26 12:00:00,18.0,False
28079008,Escuelas Aguirre,442117.25,4.4747705e+06,30,BENCENO,2005-12-09 03:00:00,0.0,False
28079017,Villaverde,439420.7,4.4665325e+06,8,NO2,2005-01-22 01:00:00,130.0,False
28079036,Moratalaz,445245.5,4.4732375e+06,7,NO,2005-12-02 03:00:00,1.0,False
28079018,Farolillo,437891.7,4.471833e+06,10,<PM10,2005-09-18 06:00:00,20.0,False
28079035,Plaza del Carmen,440346.38,4.4745245e+06,14,O3,2005-05-12 08:00:00,15.0,False
28079024,Casa de Campo,436598.56,4.4745715e+06,7,NO,2005-03-18 13:00:00,4.0,False
28079039,Barrio del Pilar,439689.06,4.4810815e+06,12,NOX,2005-07-26 14:00:00,41.0,False
28079017,Villaverde,439420.7,4.4665325e+06,7,NO,2005-03-01 02:00:00,3.0,False
28079038,Cuatro Caminos,440033.47,4.47745e+06,1,SO2,2005-04-18 19:00:00,9.0,False
28079024,Casa de Campo,436598.56,4.4745715e+06,42,HIDROCARBS_TOTALES,2005-06-10 03:00:00,1.0,False
28079036,Moratalaz,445245.5,4.4732375e+06,12,NOX,2005-08-08 09:00:00,413.0,False
28079004,Plaza de España,439579.34,4.4750495e+06,12,NOX,2005-09-26 22:00:00,588.0,False
28079027,Barajas Pueblo,450835.2,4.480854e+06,43,METANO,2005-01-14 21:00:00,1.0,False
28079008,Escuelas Aguirre,442117.25,4.4747705e+06,10,<PM10,2005-10-17 19:00:00,51.0,False
28079038,Cuatro Caminos,440033.47,4.47745e+06,7,NO,2005-06-16 13:00:00,27.0,False
28079008,Escuelas Aguirre,442117.25,4.4747705e+06,14,O3,2005-06-11 11:00:00,49.0,False
28079024,Casa de Campo,436598.56,4.4745715e+06,9,<PM2.5,2005-01-12 16:00:00,37.0,False
28079039,Barrio del Pilar,439689.06,4.4810815e+06,8,NO2,2005-05-18 15:00:00,32.0,False
28079039,Barrio del Pilar,439689.06,4.4810815e+06,12,NOX,2005-01-20 08:00:00,201.0,False
28079008,Escuelas Aguirre,442117.25,4.4747705e+06,20,TOLUENO,2005-07-15 19:00:00,1.0,False
28079027,Barajas Pueblo,450835.2,4.480854e+06,42,HIDROCARBS_TOTALES,2005-06-27 06:00:00,1.0,False
28079040,Vallecas,444701.7,4.471043e+06,8,NO2,2005-10-22 10:00:00,29.0,False
28079018,Farolillo,437891.7,4.471833e+06,1,SO2,2005-11-23 17:00:00,15.0,False
28079024,Casa de Campo,436598.56,4.4745715e+06,44,HIDROCARBS_NO_METANICOS,2005-08-22 13:00:00,0.0,False
28079018,Farolillo,437891.7,4.471833e+06,6,CO,2005-02-17 05:00:00,0.0,False
28079040,Vallecas,444701.7,4.471043e+06,12,NOX,2005-03-05 20:00:00,70.0,False
28079035,Plaza del Carmen,440346.38,4.4745245e+06,14,O3,2005-06-18 07:00:00,43.0,False
28079024,Casa de Campo,436598.56,4.4745715e+06,44,HIDROCARBS_NO_METANICOS,2005-12-11 14:00:00,0.0,False
28079027,Barajas Pueblo,450835.2,4.480854e+06,8,NO2,2005-07-01 10:00:00,20.0,False
28079039,Barrio del Pilar,439689.06,4.4810815e+06,12,NOX,2005-10-07 13:00:00,95.0,False
28079038,Cuatro Caminos,440033.47,4.47745e+06,9,<PM2.5,2005-04-08 17:00:00,2.0,False
28079036,Moratalaz,445245.5,4.4732375e+06,1,SO2,2005-12-16 00:00:00,24.0,False
28079036,Moratalaz,445245.5,4.4732375e+06,6,CO,2005-09-12 15:00:00,0.0,False
28079027,Barajas Pueblo,450835.2,4.480854e+06,8,NO2,2005-10-10 10:00:00,38.0,False
28079035,Plaza del Carmen,440346.38,4.4745245e+06,12,NOX,2005-06-27 22:00:00,65.15385,True
28079008,Escuelas Aguirre,442117.25,4.4747705e+06,6,CO,2005-03-19 00:00:00,0.0,False
28079035,Plaza del Carmen,440346.38,4.4745245e+06,14,O3,2005-01-25 19:00:00,16.0,False
28079039,Barrio del Pilar,439689.06,4.4810815e+06,8,NO2,2005-02-26 15:00:00,31.0,False
28079040,Vallecas,444701.7,4.471043e+06,1,SO2,2005-09-27 04:00:00,6.0,False
28079036,Moratalaz,445245.5,4.4732375e+06,10,<PM10,2005-06-08 20:00:00,38.0,False
28079008,Escuelas Aguirre,442117.25,4.4747705e+06,7,NO,2005-10-31 22:00:00,34.0,False
28079016,Arturo Soria,445786.2,4.476796e+06,14,O3,2005-10-07 22:00:00,7.0,False
28079008,Escuelas Aguirre,442117.25,4.4747705e+06,30,BENCENO,2005-12-10 08:00:00,0.0,False
28079017,Villaverde,439420.7,4.4665325e+06,12,NOX,2005-05-29 03:00:00,31.0,False
28079024,Casa de Campo,436598.56,4.4745715e+06,1,SO2,2005-01-31 09:00:00,8.0,False
28079024,Casa de Campo,436598.56,4.4745715e+06,8,NO2,2005-08-08 20:00:00,9.0,False
28079024,Casa de Campo,436598.56,4.4745715e+06,9,<PM2.5,2005-06-07 18:00:00,2.0,False
28079027,Barajas Pueblo,450835.2,4.480854e+06,12,NOX,2005-06-22 11:00:00,54.0,False
28079008,Escuelas Aguirre,442117.25,4.4747705e+06,12,NOX,2005-01-04 23:00:00,469.0,False
28079018,Farolillo,437891.7,4.471833e+06,12,NOX,2005-04-21 05:00:00,12.0,False
28079016,Arturo Soria,445786.2,4.476796e+06,8,NO2,2005-03-23 20:00:00,42.0,False
28079008,Escuelas Aguirre,442117.25,4.4747705e+06,1,SO2,2005-05-15 12:00:00,4.0,False
28079035,Plaza del Carmen,440346.38,4.4745245e+06,14,O3,2005-05-29 16:00:00,52.5,True
28079018,Farolillo,437891.7,4.471833e+06,1,SO2,2005-11-02 23:00:00,14.0,False
28079008,Escuelas Aguirre,442117.25,4.4747705e+06,42,HIDROCARBS_TOTALES,2005-06-11 02:00:00,1.0,False
28079040,Vallecas,444701.7,4.471043e+06,7,NO,2005-03-02 15:00:00,17.0,False
28079018,Farolillo,437891.7,4.471833e+06,12,NOX,2005-05-15 21:00:00,38.0,False
28079008,Escuelas Aguirre,442117.25,4.4747705e+06,8,NO2,2005-08-15 05:00:00,21.0,False
28079039,Barrio del Pilar,439689.06,4.4810815e+06,7,NO,2005-12-29 05:00:00,6.0,False
28079040,Vallecas,444701.7,4.471043e+06,1,SO2,2005-03-14 17:00:00,8.0,False
28079024,Casa de Campo,436598.56,4.4745715e+06,42,HIDROCARBS_TOTALES,2005-11-13 09:00:00,1.0,False
28079038,Cuatro Caminos,440033.47,4.47745e+06,7,NO,2005-04-02 10:00:00,22.0,False
28079004,Plaza de España,439579.34,4.4750495e+06,6,CO,2005-10-16 05:00:00,0.0,False
28079017,Villaverde,439420.7,4.4665325e+06,8,NO2,2005-02-13 01:00:00,121.0,False
28079035,Plaza del Carmen,440346.38,4.4745245e+06,14,O3,2005-12-20 23:00:00,8.0,False
28079004,Plaza de España,439579.34,4.4750495e+06,8,NO2,2005-08-13 04:00:00,36.0,False
28079035,Plaza del Carmen,440346.38,4.4745245e+06,7,NO,2005-02-03 09:00:00,66.0,False
28079016,Arturo Soria,445786.2,4.476796e+06,12,NOX,2005-08-01 23:00:00,23.0,False
28079018,Farolillo,437891.7,4.471833e+06,1,SO2,2005-07-28 14:00:00,11.0,False
28079038,Cuatro Caminos,440033.47,4.47745e+06,9,<PM2.5,2005-10-13 08:00:00,10.0,False
28079008,Escuelas Aguirre,442117.25,4.4747705e+06,10,<PM10,2005-09-20 04:00:00,15.0,False
28079024,Casa de Campo,436598.56,4.4745715e+06,43,METANO,2005-01-31 15:00:00,1.0,False
28079017,Villaverde,439420.7,4.4665325e+06,12,NOX,2005-09-23 23:00:00,405.0,False
28079011,Ramón y Cajal,442564.03,4.4780885e+06,12,NOX,2005-09-13 16:00:00,97.0,False
28079008,Escuelas Aguirre,442117.25,4.4747705e+06,44,HIDROCARBS_NO_METANICOS,2005-04-11 22:00:00,0.0,False
28079035,Plaza del Carmen,440346.38,4.4745245e+06,1,SO2,2005-04-28 05:00:00,8.0,False
28079036,Moratalaz,445245.5,4.4732375e+06,6,CO,2005-01-06 22:00:00,0.0,False
28079004,Plaza de España,439579.34,4.4750495e+06,1,SO2,2005-03-14 17:00:00,14.0,False
28079040,Vallecas,444701.7,4.471043e+06,7,NO,2005-04-12 20:00:00,3.0,False
28079035,Plaza del Carmen,440346.38,4.4745245e+06,8,NO2,2005-03-11 03:00:00,103.0,False
28079036,Moratalaz,445245.5,4.4732375e+06,6,CO,2005-06-09 04:00:00,0.0,False
28079008,Escuelas Aguirre,442117.25,4.4747705e+06,30,BENCENO,2005-03-22 10:00:00,0.0,False
28079040,Vallecas,444701.7,4.471043e+06,8,NO2,2005-06-13 12:00:00,15.0,False
28079008,Escuelas Aguirre,442117.25,4.4747705e+06,30,BENCENO,2005-07-18 05:00:00,0.0,False
28079017,Villaverde,439420.7,4.4665325e+06,1,SO2,2005-09-21 00:00:00,20.0,False
28079024,Casa de Campo,436598.56,4.4745715e+06,1,SO2,2005-02-02 09:00:00,9.0,False
28079040,Vallecas,444701.7,4.471043e+06,12,NOX,2005-07-13 10:00:00,73.0,False
28079040,Vallecas,444701.7,4.471043e+06,10,<PM10,2005-11-18 09:00:00,163.0,False
28079038,Cuatro Caminos,440033.47,4.47745e+06,8,NO2,2005-01-18 22:00:00,77.0,False
28079038,Cuatro Caminos,440033.47,4.47745e+06,1,SO2,2005-12-13 02:00:00,19.0,False
28079008,Escuelas Aguirre,442117.25,4.4747705e+06,43,METANO,2005-11-30 02:00:00,1.0,False
28079027,Barajas Pueblo,450835.2,4.480854e+06,42,HIDROCARBS_TOTALES,2005-05-17 01:00:00,1.0,False
28079024,Casa de Campo,436598.56,4.4745715e+06,6,CO,2005-11-30 02:00:00,0.0,False
28079011,Ramón y Cajal,442564.03,4.4780885e+06,7,NO,2005-04-14 08:00:00,174.0,False
28079008,Escuelas Aguirre,442117.25,4.4747705e+06,30,BENCENO,2005-08-31 23:00:00,0.0,False
28079035,Plaza del Carmen,440346.38,4.4745245e+06,7,NO,2005-12-21 08:00:00,140.0,False
28079036,Moratalaz,445245.5,4.4732375e+06,12,NOX,2005-07-19 08:00:00,101.0,False
28079008,Escuelas Aguirre,442117.25,4.4747705e+06,20,TOLUENO,2005-08-14 22:00:00,1.0,False
28079027,Barajas Pueblo,450835.2,4.480854e+06,43,METANO,2005-03-19 06:00:00,1.0,False
28079016,Arturo Soria,445786.2,4.476796e+06,12,NOX,2005-03-25 00:00:00,24.0,False
28079040,Vallecas,444701.7,4.471043e+06,1,SO2,2005-03-25 00:00:00,6.0,False
28079036,Moratalaz,445245.5,4.4732375e+06,8,NO2,2005-11-15 03:00:00,28.0,False
28079018,Farolillo,437891.7,4.471833e+06,8,NO2,2005-07-17 23:00:00,21.0,False
28079017,Villaverde,439420.7,4.4665325e+06,7,NO,2005-03-24 02:00:00,6.0,False
28079036,Moratalaz,445245.5,4.4732375e+06,7,NO,2005-09-22 23:00:00,79.0,False
28079008,Escuelas Aguirre,442117.25,4.4747705e+06,43,METANO,2005-12-16 10:00:00,1.0,False
28079004,Plaza de España,439579.34,4.4750495e+06,7,NO,2005-03-17 04:00:00,49.0,False
28079039,Barrio del Pilar,439689.06,4.4810815e+06,7,NO,2005-05-29 22:00:00,1.0,False
28079011,Ramón y Cajal,442564.03,4.4780885e+06,12,NOX,2005-11-25 19:00:00,154.0,False
28079008,Escuelas Aguirre,442117.25,4.4747705e+06,43,METANO,2005-08-28 06:00:00,1.0,False
28079035,Plaza del Carmen,440346.38,4.4745245e+06,7,NO,2005-07-26 10:00:00,18.5,True
28079004,Plaza de España,439579.34,4.4750495e+06,1,SO2,2005-02-15 02:00:00,10.0,False
28079024,Casa de Campo,436598.56,4.4745715e+06,42,HIDROCARBS_TOTALES,2005-05-13 06:00:00,1.0,False
28079018,Farolillo,437891.7,4.471833e+06,12,NOX,2005-09-11 09:00:00,10.0,False
28079008,Escuelas Aguirre,442117.25,4.4747705e+06,12,NOX,2005-12-21 05:00:00,71.0,False
28079036,Moratalaz,445245.5,4.4732375e+06,6,CO,2005-06-01 22:00:00,0.0,False
28079004,Plaza de España,439579.34,4.4750495e+06,1,SO2,2005-01-08 20:00:00,39.0,False
28079027,Barajas Pueblo,450835.2,4.480854e+06,12,NOX,2005-05-22 00:00:00,45.0,False
28079036,Moratalaz,445245.5,4.4732375e+06,12,NOX,2005-08-06 16:00:00,42.0,False
28079008,Escuelas Aguirre,442117.25,4.4747705e+06,35,ETILBENCENO,2005-10-22 03:00:00,1.0,False
28079035,Plaza del Carmen,440346.38,4.4745245e+06,8,NO2,2005-07-15 23:00:00,87.0,False
28079024,Casa de Campo,436598.56,4.4745715e+06,1,SO2,2005-04-16 07:00:00,6.0,False
28079017,Villaverde,439420.7,4.4665325e+06,8,NO2,2005-03-08 11:00:00,97.0,False
28079036,Moratalaz,445245.5,4.4732375e+06,7,NO,2005-01-04 09:00:00,119.0,False
28079036,Moratalaz,445245.5,4.4732375e+06,8,NO2,2005-07-02 21:00:00,89.0,False
28079039,Barrio del Pilar,439689.06,4.4810815e+06,12,NOX,2005-01-19 17:00:00,87.0,False
28079035,Plaza del Carmen,440346.38,4.4745245e+06,6,CO,2005-06-23 07:00:00,0.0,False
28079027,Barajas Pueblo,450835.2,4.480854e+06,44,HIDROCARBS_NO_METANICOS,2005-02-23 09:00:00,0.0,False
28079024,Casa de Campo,436598.56,4.4745715e+06,10,<PM10,2005-07-12 15:00:00,53.0,False
28079018,Farolillo,437891.7,4.471833e+06,12,NOX,2005-10-14 20:00:00,89.0,False
28079040,Vallecas,444701.7,4.471043e+06,12,NOX,2005-07-02 20:00:00,27.0,False
28079004,Plaza de España,439579.34,4.4750495e+06,1,SO2,2005-01-23 11:00:00,51.0,False
28079036,Moratalaz,445245.5,4.4732375e+06,10,<PM10,2005-01-20 22:00:00,50.0,False
28079018,Farolillo,437891.7,4.471833e+06,10,<PM10,2005-10-22 17:00:00,5.0,False
28079024,Casa de Campo,436598.56,4.4745715e+06,8,NO2,2005-08-23 16:00:00,19.0,False
28079024,Casa de Campo,436598.56,4.4745715e+06,6,CO,2005-06-16 18:00:00,0.0,False
28079018,Farolillo,437891.7,4.471833e+06,6,CO,2005-12-31 02:00:00,0.0,False
28079008,Escuelas Aguirre,442117.25,4.4747705e+06,8,NO2,2005-07-24 19:00:00,42.0,False
28079038,Cuatro Caminos,440033.47,4.47745e+06,9,<PM2.5,2005-05-14 18:00:00,5.0,False
28079024,Casa de Campo,436598.56,4.4745715e+06,9,<PM2.5,2005-08-14 12:00:00,16.0,False
28079040,Vallecas,444701.7,4.471043e+06,1,SO2,2005-01-16 10:00:00,13.0,False
28079040,Vallecas,444701.7,4.471043e+06,1,SO2,2005-05-12 23:00:00,6.0,False
28079017,Villaverde,439420.7,4.4665325e+06,7,NO,2005-05-29 11:00:00,5.0,False
28079016,Arturo Soria,445786.2,4.476796e+06,6,CO,2005-07-24 19:00:00,0.0,False
28079040,Vallecas,444701.7,4.471043e+06,10,<PM10,2005-09-12 04:00:00,6.0,False
28079038,Cuatro Caminos,440033.47,4.47745e+06,10,<PM10,2005-10-11 17:00:00,70.0,False
28079036,Moratalaz,445245.5,4.4732375e+06,7,NO,2005-05-17 20:00:00,6.0,False
28079040,Vallecas,444701.7,4.471043e+06,7,NO,2005-09-12 01:00:00,3.0,False
28079008,Escuelas Aguirre,442117.25,4.4747705e+06,12,NOX,2005-04-11 08:00:00,411.0,False
28079039,Barrio del Pilar,439689.06,4.4810815e+06,6,CO,2005-07-19 17:00:00,0.0,False
28079036,Moratalaz,445245.5,4.4732375e+06,10,<PM10,2005-05-31 06:00:00,5.0,False
28079035,Plaza del Carmen,440346.38,4.4745245e+06,14,O3,2005-08-18 12:00:00,47.0,False
28079016,Arturo Soria,445786.2,4.476796e+06,12,NOX,2005-01-07 13:00:00,222.0,False
28079008,Escuelas Aguirre,442117.25,4.4747705e+06,6,CO,2005-09-10 18:00:00,0.0,False
28079035,Plaza del Carmen,440346.38,4.4745245e+06,12,NOX,2005-07-27 18:00:00,47.0,False
28079024,Casa de Campo,436598.56,4.4745715e+06,43,METANO,2005-09-26 18:00:00,1.0,False
28079008,Escuelas Aguirre,442117.25,4.4747705e+06,12,NOX,2005-12-17 20:00:00,170.0,False
28079008,Escuelas Aguirre,442117.25,4.4747705e+06,6,CO,2005-02-04 20:00:00,1.0,False
28079018,Farolillo,437891.7,4.471833e+06,10,<PM10,2005-10-05 08:00:00,86.0,False
28079024,Casa de Campo,436598.56,4.4745715e+06,42,HIDROCARBS_TOTALES,2005-04-22 21:00:00,1.0,False
28079011,Ramón y Cajal,442564.03,4.4780885e+06,7,NO,2005-02-28 08:00:00,12.0,False
28079008,Escuelas Aguirre,442117.25,4.4747705e+06,14,O3,2005-08-08 09:00:00,5.0,False
28079027,Barajas Pueblo,450835.2,4.480854e+06,12,NOX,2005-11-19 01:00:00,211.0,False
28079038,Cuatro Caminos,440033.47,4.47745e+06,10,<PM10,2005-03-10 06:00:00,41.0,False
28079004,Plaza de España,439579.34,4.4750495e+06,12,NOX,2005-09-04 13:00:00,61.0,False
28079017,Villaverde,439420.7,4.4665325e+06,7,NO,2005-10-19 17:00:00,7.0,False
28079004,Plaza de España,439579.34,4.4750495e+06,1,SO2,2005-10-27 09:00:00,9.0,False
28079027,Barajas Pueblo,450835.2,4.480854e+06,8,NO2,2005-02-09 06:00:00,44.0,False
28079038,Cuatro Caminos,440033.47,4.47745e+06,10,<PM10,2005-04-05 00:00:00,26.0,False
28079024,Casa de Campo,436598.56,4.4745715e+06,9,<PM2.5,2005-07-19 08:00:00,52.0,False
28079024,Casa de Campo,436598.56,4.4745715e+06,43,METANO,2005-05-23 10:00:00,1.0,False
28079038,Cuatro Caminos,440033.47,4.47745e+06,7,NO,2005-11-25 17:00:00,22.0,False
28079004,Plaza de España,439579.34,4.4750495e+06,6,CO,2005-10-31 19:00:00,0.0,False
28079038,Cuatro Caminos,440033.47,4.47745e+06,9,<PM2.5,2005-04-06 14:00:00,21.0,False
28079016,Arturo Soria,445786.2,4.476796e+06,7,NO,2005-04-22 17:00:00,13.0,False
28079035,Plaza del Carmen,440346.38,4.4745245e+06,7,NO,2005-04-30 23:00:00,3.0,False
28079008,Escuelas Aguirre,442117.25,4.4747705e+06,20,TOLUENO,2005-05-23 20:00:00,6.0,False
28079035,Plaza del Carmen,440346.38,4.4745245e+06,7,NO,2005-11-14 14:00:00,91.0,False
28079008,Escuelas Aguirre,442117.25,4.4747705e+06,1,SO2,2005-12-05 15:00:00,21.0,False
28079018,Farolillo,437891.7,4.471833e+06,10,<PM10,2005-05-19 05:00:00,10.0,False
28079027,Barajas Pueblo,450835.2,4.480854e+06,43,METANO,2005-03-03 02:00:00,1.0,False
28079016,Arturo Soria,445786.2,4.476796e+06,14,O3,2005-02-15 14:00:00,69.0,False
28079018,Farolillo,437891.7,4.471833e+06,12,NOX,2005-02-10 14:00:00,191.0,False
28079024,Casa de Campo,436598.56,4.4745715e+06,10,<PM10,2005-08-23 18:00:00,8.0,False
28079036,Moratalaz,445245.5,4.4732375e+06,1,SO2,2005-08-31 07:00:00,5.0,False
28079011,Ramón y Cajal,442564.03,4.4780885e+06,7,NO,2005-02-04 18:00:00,68.0,False
28079008,Escuelas Aguirre,442117.25,4.4747705e+06,7,NO,2005-06-04 21:00:00,44.0,False
28079038,Cuatro Caminos,440033.47,4.47745e+06,12,NOX,2005-12-22 00:00:00,122.0,False
28079008,Escuelas Aguirre,442117.25,4.4747705e+06,30,BENCENO,2005-03-18 15:00:00,0.0,False
28079039,Barrio del Pilar,439689.06,4.4810815e+06,8,NO2,2005-01-08 07:00:00,66.0,False
28079036,Moratalaz,445245.5,4.4732375e+06,12,NOX,2005-05-08 11:00:00,69.0,False
28079035,Plaza del Carmen,440346.38,4.4745245e+06,8,NO2,2005-07-07 16:00:00,48.0,False
28079038,Cuatro Caminos,440033.47,4.47745e+06,9,<PM2.5,2005-12-08 01:00:00,20.0,False
28079035,Plaza del Carmen,440346.38,4.4745245e+06,7,NO,2005-04-25 22:00:00,13.0,False
28079027,Barajas Pueblo,450835.2,4.480854e+06,43,METANO,2005-11-12 23:00:00,1.0,False
28079038,Cuatro Caminos,440033.47,4.47745e+06,12,NOX,2005-06-25 07:00:00,77.0,False
28079008,Escuelas Aguirre,442117.25,4.4747705e+06,30,BENCENO,2005-10-28 11:00:00,0.0,False
28079036,Moratalaz,445245.5,4.4732375e+06,6,CO,2005-02-04 19:00:00,1.0,False
28079016,Arturo Soria,445786.2,4.476796e+06,8,NO2,2005-06-29 01:00:00,27.0,False
28079004,Plaza de España,439579.34,4.4750495e+06,6,CO,2005-03-03 17:00:00,0.0,False
28079016,Arturo Soria,445786.2,4.476796e+06,6,CO,2005-05-20 17:00:00,0.0,False
28079016,Arturo Soria,445786.2,4.476796e+06,8,NO2,2005-11-07 05:00:00,30.0,False
28079008,Escuelas Aguirre,442117.25,4.4747705e+06,35,ETILBENCENO,2005-10-06 21:00:00,1.0,False
28079008,Escuelas Aguirre,442117.25,4.4747705e+06,12,NOX,2005-09-14 20:00:00,292.0,False
28079008,Escuelas Aguirre,442117.25,4.4747705e+06,43,METANO,2005-02-06 01:00:00,1.0,False
28079017,Villaverde,439420.7,4.4665325e+06,7,NO,2005-10-15 21:00:00,128.0,False
28079016,Arturo Soria,445786.2,4.476796e+06,6,CO,2005-10-15 02:00:00,0.0,False
28079008,Escuelas Aguirre,442117.25,4.4747705e+06,8,NO2,2005-06-12 17:00:00,47.0,False
28079024,Casa de Campo,436598.56,4.4745715e+06,42,HIDROCARBS_TOTALES,2005-11-07 06:00:00,1.0,False
28079004,Plaza de España,439579.34,4.4750495e+06,1,SO2,2005-04-27 15:00:00,6.0,False
28079008,Escuelas Aguirre,442117.25,4.4747705e+06,8,NO2,2005-02-04 17:00:00,78.0,False
28079024,Casa de Campo,436598.56,4.4745715e+06,8,NO2,2005-07-11 17:00:00,21.0,False
28079008,Escuelas Aguirre,442117.25,4.4747705e+06,10,<PM10,2005-10-29 18:00:00,85.0,False
28079035,Plaza del Carmen,440346.38,4.4745245e+06,8,NO2,2005-11-29 07:00:00,83.0,False
28079004,Plaza de España,439579.34,4.4750495e+06,1,SO2,2005-03-07 07:00:00,20.0,False
28079016,Arturo Soria,445786.2,4.476796e+06,14,O3,2005-04-18 05:00:00,54.0,False
28079018,Farolillo,437891.7,4.471833e+06,7,NO,2005-08-27 05:00:00,0.0,False
28079008,Escuelas Aguirre,442117.25,4.4747705e+06,10,<PM10,2005-07-26 16:00:00,35.0,False
28079004,Plaza de España,439579.34,4.4750495e+06,8,NO2,2005-09-08 15:00:00,39.0,False
28079024,Casa de Campo,436598.56,4.4745715e+06,10,<PM10,2005-06-06 19:00:00,43.0,False
28079039,Barrio del Pilar,439689.06,4.4810815e+06,7,NO,2005-12-06 10:00:00,23.0,False
28079008,Escuelas Aguirre,442117.25,4.4747705e+06,12,NOX,2005-12-23 11:00:00,228.09575,True
28079017,Villaverde,439420.7,4.4665325e+06,7,NO,2005-09-20 09:00:00,229.0,False
28079035,Plaza del Carmen,440346.38,4.4745245e+06,1,SO2,2005-03-03 15:00:00,14.0,False
28079004,Plaza de España,439579.34,4.4750495e+06,6,CO,2005-01-07 12:00:00,1.0,False
28079027,Barajas Pueblo,450835.2,4.480854e+06,8,NO2,2005-02-26 07:00:00,112.0,False
28079016,Arturo Soria,445786.2,4.476796e+06,12,NOX,2005-02-17 20:00:00,84.0,False
28079027,Barajas Pueblo,450835.2,4.480854e+06,43,METANO,2005-12-18 04:00:00,1.0,False
28079038,Cuatro Caminos,440033.47,4.47745e+06,9,<PM2.5,2005-02-06 09:00:00,16.0,False
28079016,Arturo Soria,445786.2,4.476796e+06,12,NOX,2005-10-30 12:00:00,37.0,False
28079036,Moratalaz,445245.5,4.4732375e+06,7,NO,2005-01-17 00:00:00,5.0,False
28079008,Escuelas Aguirre,442117.25,4.4747705e+06,35,ETILBENCENO,2005-11-05 20:00:00,1.0,False
28079008,Escuelas Aguirre,442117.25,4.4747705e+06,44,HIDROCARBS_NO_METANICOS,2005-07-30 09:00:00,0.0,False
28079038,Cuatro Caminos,440033.47,4.47745e+06,7,NO,2005-07-12 22:00:00,20.0,False
28079024,Casa de Campo,436598.56,4.4745715e+06,12,NOX,2005-05-05 21:00:00,22.0,False
28079035,Plaza del Carmen,440346.38,4.4745245e+06,12,NOX,2005-09-14 11:00:00,136.0,False
28079039,Barrio del Pilar,439689.06,4.4810815e+06,12,NOX,2005-08-28 09:00:00,16.0,False
28079008,Escuelas Aguirre,442117.25,4.4747705e+06,20,TOLUENO,2005-06-19 18:00:00,0.0,False
28079016,Arturo Soria,445786.2,4.476796e+06,6,CO,2005-09-07 09:00:00,0.0,False
28079016,Arturo Soria,445786.2,4.476796e+06,6,CO,2005-07-28 03:00:00,0.0,False
28079016,Arturo Soria,445786.2,4.476796e+06,12,NOX,2005-04-13 08:00:00,126.0,False
28079018,Farolillo,437891.7,4.471833e+06,10,<PM10,2005-03-20 12:00:00,169.0,False
28079017,Villaverde,439420.7,4.4665325e+06,7,NO,2005-02-12 19:00:00,20.0,False
28079004,Plaza de España,439579.34,4.4750495e+06,12,NOX,2005-01-05 06:00:00,203.0,False
28079017,Villaverde,439420.7,4.4665325e+06,12,NOX,2005-08-30 22:00:00,359.0,False
28079027,Barajas Pueblo,450835.2,4.480854e+06,7,NO,2005-12-23 19:00:00,355.0,False
28079036,Moratalaz,445245.5,4.4732375e+06,1,SO2,2005-05-09 09:00:00,7.0,False
28079027,Barajas Pueblo,450835.2,4.480854e+06,7,NO,2005-03-12 01:00:00,23.0,False
28079038,Cuatro Caminos,440033.47,4.47745e+06,12,NOX,2005-08-05 03:00:00,31.0,False
28079027,Barajas Pueblo,450835.2,4.480854e+06,7,NO,2005-04-24 22:00:00,10.0,False
28079039,Barrio del Pilar,439689.06,4.4810815e+06,14,O3,2005-11-05 21:00:00,8.0,False
28079038,Cuatro Caminos,440033.47,4.47745e+06,1,SO2,2005-09-11 19:00:00,7.0,False
28079038,Cuatro Caminos,440033.47,4.47745e+06,7,NO,2005-01-03 23:00:00,22.0,False
28079024,Casa de Campo,436598.56,4.4745715e+06,8,NO2,2005-05-03 04:00:00,13.0,False
28079024,Casa de Campo,436598.56,4.4745715e+06,10,<PM10,2005-08-09 04:00:00,46.0,False
28079039,Barrio del Pilar,439689.06,4.4810815e+06,7,NO,2005-09-09 11:00:00,21.0,False
28079040,Vallecas,444701.7,4.471043e+06,12,NOX,2005-11-02 19:00:00,354.0,False
28079017,Villaverde,439420.7,4.4665325e+06,14,O3,2005-01-07 15:00:00,45.0,False
28079036,Moratalaz,445245.5,4.4732375e+06,1,SO2,2005-09-11 12:00:00,5.0,False
28079004,Plaza de España,439579.34,4.4750495e+06,1,SO2,2005-05-27 11:00:00,11.0,False
28079017,Villaverde,439420.7,4.4665325e+06,12,NOX,2005-11-02 16:00:00,64.0,False
28079011,Ramón y Cajal,442564.03,4.4780885e+06,7,NO,2005-01-07 12:00:00,112.0,False
28079018,Farolillo,437891.7,4.471833e+06,8,NO2,2005-04-28 03:00:00,68.0,False
28079008,Escuelas Aguirre,442117.25,4.4747705e+06,30,BENCENO,2005-10-15 14:00:00,0.0,False
28079036,Moratalaz,445245.5,4.4732375e+06,7,NO,2005-12-18 09:00:00,54.0,False
28079008,Escuelas Aguirre,442117.25,4.4747705e+06,8,NO2,2005-05-31 07:00:00,72.0,False
28079040,Vallecas,444701.7,4.471043e+06,1,SO2,2005-08-20 14:00:00,6.0,False
28079004,Plaza de España,439579.34,4.4750495e+06,8,NO2,2005-03-21 18:00:00,47.0,False
28079018,Farolillo,437891.7,4.471833e+06,8,NO2,2005-10-17 23:00:00,59.0,False
28079017,Villaverde,439420.7,4.4665325e+06,1,SO2,2005-12-09 01:00:00,17.0,True
28079008,Escuelas Aguirre,442117.25,4.4747705e+06,10,<PM10,2005-11-18 04:00:00,76.0,False
28079008,Escuelas Aguirre,442117.25,4.4747705e+06,44,HIDROCARBS_NO_METANICOS,2005-08-21 03:00:00,0.0,False
28079008,Escuelas Aguirre,442117.25,4.4747705e+06,30,BENCENO,2005-02-03 06:00:00,0.0,False
28079024,Casa de Campo,436598.56,4.4745715e+06,44,HIDROCARBS_NO_METANICOS,2005-02-22 04:00:00,0.0,False
28079024,Casa de Campo,436598.56,4.4745715e+06,1,SO2,2005-08-30 09:00:00,7.0,False
28079040,Vallecas,444701.7,4.471043e+06,8,NO2,2005-06-20 16:00:00,23.0,False
28079038,Cuatro Caminos,440033.47,4.47745e+06,8,NO2,2005-03-05 22:00:00,78.0,False
28079036,Moratalaz,445245.5,4.4732375e+06,8,NO2,2005-07-29 03:00:00,26.0,False
28079004,Plaza de España,439579.34,4.4750495e+06,8,NO2,2005-08-26 19:00:00,52.0,False
28079011,Ramón y Cajal,442564.03,4.4780885e+06,12,NOX,2005-01-28 00:00:00,50.0,False
28079039,Barrio del Pilar,439689.06,4.4810815e+06,7,NO,2005-12-15 05:00:00,38.0,False
28079008,Escuelas Aguirre,442117.25,4.4747705e+06,30,BENCENO,2005-08-18 15:00:00,0.0,False
28079024,Casa de Campo,436598.56,4.4745715e+06,42,HIDROCARBS_TOTALES,2005-08-18 03:00:00,1.0,False
28079004,Plaza de España,439579.34,4.4750495e+06,8,NO2,2005-02-10 20:00:00,116.0,False
28079008,Escuelas Aguirre,442117.25,4.4747705e+06,42,HIDROCARBS_TOTALES,2005-10-26 10:00:00,1.0,False
28079038,Cuatro Caminos,440033.47,4.47745e+06,8,NO2,2005-05-14 19:00:00,25.0,False
28079017,Villaverde,439420.7,4.4665325e+06,8,NO2,2005-08-28 23:00:00,121.0,False
28079008,Escuelas Aguirre,442117.25,4.4747705e+06,1,SO2,2005-11-05 11:00:00,26.0,False
28079039,Barrio del Pilar,439689.06,4.4810815e+06,14,O3,2005-09-04 01:00:00,4.0,False
28079016,Arturo Soria,445786.2,4.476796e+06,6,CO,2005-01-23 13:00:00,0.0,False
28079024,Casa de Campo,436598.56,4.4745715e+06,42,HIDROCARBS_TOTALES,2005-11-13 21:00:00,1.0,False
28079017,Villaverde,439420.7,4.4665325e+06,8,NO2,2005-06-09 21:00:00,52.0,False
28079011,Ramón y Cajal,442564.03,4.4780885e+06,8,NO2,2005-01-10 13:00:00,92.0,False
28079024,Casa de Campo,436598.56,4.4745715e+06,43,METANO,2005-12-10 21:00:00,1.0,False
28079004,Plaza de España,439579.34,4.4750495e+06,6,CO,2005-12-12 07:00:00,1.0,False
28079035,Plaza del Carmen,440346.38,4.4745245e+06,6,CO,2005-05-27 03:00:00,0.0,False
28079036,Moratalaz,445245.5,4.4732375e+06,10,<PM10,2005-11-23 13:00:00,17.0,False
28079008,Escuelas Aguirre,442117.25,4.4747705e+06,43,METANO,2005-04-10 03:00:00,1.0,False
28079027,Barajas Pueblo,450835.2,4.480854e+06,43,METANO,2005-06-19 04:00:00,1.0,False
28079024,Casa de Campo,436598.56,4.4745715e+06,43,METANO,2005-04-02 20:00:00,1.0,False
28079039,Barrio del Pilar,439689.06,4.4810815e+06,14,O3,2005-01-19 04:00:00,1.0,False
28079018,Farolillo,437891.7,4.471833e+06,12,NOX,2005-12-13 11:00:00,531.0,False
28079004,Plaza de España,439579.34,4.4750495e+06,8,NO2,2005-08-26 02:00:00,122.0,False
28079018,Farolillo,437891.7,4.471833e+06,1,SO2,2005-12-10 09:00:00,14.0,False
28079008,Escuelas Aguirre,442117.25,4.4747705e+06,30,BENCENO,2005-07-05 08:00:00,0.0,False
28079017,Villaverde,439420.7,4.4665325e+06,8,NO2,2005-09-28 17:00:00,22.0,False
28079008,Escuelas Aguirre,442117.25,4.4747705e+06,43,METANO,2005-10-02 08:00:00,1.0,False
28079004,Plaza de España,439579.34,4.4750495e+06,8,NO2,2005-06-14 16:00:00,44.0,False
28079036,Moratalaz,445245.5,4.4732375e+06,1,SO2,2005-07-26 16:00:00,5.0,False
28079035,Plaza del Carmen,440346.38,4.4745245e+06,1,SO2,2005-12-11 10:00:00,23.0,False
28079004,Plaza de España,439579.34,4.4750495e+06,8,NO2,2005-11-20 11:00:00,31.0,False
28079040,Vallecas,444701.7,4.471043e+06,1,SO2,2005-10-25 18:00:00,9.0,False
28079040,Vallecas,444701.7,4.471043e+06,7,NO,2005-11-08 22:00:00,51.0,False
28079024,Casa de Campo,436598.56,4.4745715e+06,10,<PM10,2005-03-27 06:00:00,3.0,False
28079024,Casa de Campo,436598.56,4.4745715e+06,9,<PM2.5,2005-10-25 06:00:00,14.0,False
28079035,Plaza del Carmen,440346.38,4.4745245e+06,1,SO2,2005-10-28 14:00:00,8.0,False
28079024,Casa de Campo,436598.56,4.4745715e+06,44,HIDROCARBS_NO_METANICOS,2005-07-22 08:00:00,0.0,False
28079036,Moratalaz,445245.5,4.4732375e+06,10,<PM10,2005-11-27 08:00:00,14.0,False
28079008,Escuelas Aguirre,442117.25,4.4747705e+06,6,CO,2005-09-14 00:00:00,0.0,False
28079039,Barrio del Pilar,439689.06,4.4810815e+06,7,NO,2005-03-27 04:00:00,2.0,False
28079035,Plaza del Carmen,440346.38,4.4745245e+06,14,O3,2005-06-25 21:00:00,62.0,False
28079004,Plaza de España,439579.34,4.4750495e+06,6,CO,2005-11-18 03:00:00,0.0,False
28079036,Moratalaz,445245.5,4.4732375e+06,6,CO,2005-12-18 22:00:00,0.0,False
28079035,Plaza del Carmen,440346.38,4.4745245e+06,14,O3,2005-04-08 09:00:00,13.0,False
28079040,Vallecas,444701.7,4.471043e+06,12,NOX,2005-12-10 03:00:00,28.0,False
28079027,Barajas Pueblo,450835.2,4.480854e+06,12,NOX,2005-09-21 18:00:00,51.0,False
28079008,Escuelas Aguirre,442117.25,4.4747705e+06,1,SO2,2005-12-31 16:00:00,8.0,False
28079016,Arturo Soria,445786.2,4.476796e+06,8,NO2,2005-07-15 07:00:00,75.0,False
28079035,Plaza del Carmen,440346.38,4.4745245e+06,7,NO,2005-07-21 19:00:00,6.0,False
28079024,Casa de Campo,436598.56,4.4745715e+06,6,CO,2005-11-08 14:00:00,0.0,False
28079035,Plaza del Carmen,440346.38,4.4745245e+06,8,NO2,2005-07-09 05:00:00,24.0,False
28079039,Barrio del Pilar,439689.06,4.4810815e+06,7,NO,2005-12-13 22:00:00,22.0,False
28079008,Escuelas Aguirre,442117.25,4.4747705e+06,30,BENCENO,2005-11-12 18:00:00,0.0,False
28079036,Moratalaz,445245.5,4.4732375e+06,7,NO,2005-05-03 22:00:00,11.0,False
28079039,Barrio del Pilar,439689.06,4.4810815e+06,6,CO,2005-01-08 14:00:00,0.0,False
28079018,Farolillo,437891.7,4.471833e+06,8,NO2,2005-03-03 04:00:00,43.0,False
28079038,Cuatro Caminos,440033.47,4.47745e+06,10,<PM10,2005-05-13 12:00:00,34.0,False
28079024,Casa de Campo,436598.56,4.4745715e+06,44,HIDROCARBS_NO_METANICOS,2005-03-15 21:00:00,0.0,False
28079027,Barajas Pueblo,450835.2,4.480854e+06,43,METANO,2005-03-04 00:00:00,1.0,False
28079017,Villaverde,439420.7,4.4665325e+06,7,NO,2005-12-10 01:00:00,326.0,True
28079024,Casa de Campo,436598.56,4.4745715e+06,44,HIDROCARBS_NO_METANICOS,2005-02-13 09:00:00,0.0,False
28079018,Farolillo,437891.7,4.471833e+06,14,O3,2005-02-09 17:00:00,33.0,False
28079008,Escuelas Aguirre,442117.25,4.4747705e+06,7,NO,2005-06-28 21:00:00,48.0,False
28079039,Barrio del Pilar,439689.06,4.4810815e+06,8,NO2,2005-09-13 21:00:00,181.0,False
28079008,Escuelas Aguirre,442117.25,4.4747705e+06,20,TOLUENO,2005-08-07 23:00:00,9.278351,True
28079036,Moratalaz,445245.5,4.4732375e+06,1,SO2,2005-03-01 11:00:00,32.0,False
28079024,Casa de Campo,436598.56,4.4745715e+06,42,HIDROCARBS_TOTALES,2005-05-28 09:00:00,1.0,False
28079024,Casa de Campo,436598.56,4.4745715e+06,44,HIDROCARBS_NO_METANICOS,2005-11-13 12:00:00,0.0,False
28079017,Villaverde,439420.7,4.4665325e+06,7,NO,2005-09-11 01:00:00,7.0,False
28079038,Cuatro Caminos,440033.47,4.47745e+06,7,NO,2005-02-12 05:00:00,178.0,False
28079036,Moratalaz,445245.5,4.4732375e+06,12,NOX,2005-01-20 10:00:00,73.0,False
28079011,Ramón y Cajal,442564.03,4.4780885e+06,7,NO,2005-11-09 08:00:00,53.0,False
28079038,Cuatro Caminos,440033.47,4.47745e+06,8,NO2,2005-05-27 15:00:00,80.0,False
28079027,Barajas Pueblo,450835.2,4.480854e+06,8,NO2,2005-04-17 07:00:00,62.0,False
28079036,Moratalaz,445245.5,4.4732375e+06,6,CO,2005-07-07 14:00:00,0.0,False
28079017,Villaverde,439420.7,4.4665325e+06,7,NO,2005-06-09 23:00:00,2.0,False
28079036,Moratalaz,445245.5,4.4732375e+06,6,CO,2005-10-08 08:00:00,0.0,False
28079035,Plaza del Carmen,440346.38,4.4745245e+06,14,O3,2005-01-31 14:00:00,29.0,False
28079018,Farolillo,437891.7,4.471833e+06,10,<PM10,2005-05-16 20:00:00,19.0,False
28079011,Ramón y Cajal,442564.03,4.4780885e+06,7,NO,2005-02-07 12:00:00,79.0,False
28079027,Barajas Pueblo,450835.2,4.480854e+06,44,HIDROCARBS_NO_METANICOS,2005-07-20 18:00:00,0.0,False
28079008,Escuelas Aguirre,442117.25,4.4747705e+06,43,METANO,2005-03-10 10:00:00,1.0,False
28079011,Ramón y Cajal,442564.03,4.4780885e+06,7,NO,2005-01-19 04:00:00,9.0,False
28079016,Arturo Soria,445786.2,4.476796e+06,7,NO,2005-03-12 08:00:00,15.0,False
28079035,Plaza del Carmen,440346.38,4.4745245e+06,6,CO,2005-11-22 19:00:00,1.0,False
28079008,Escuelas Aguirre,442117.25,4.4747705e+06,8,NO2,2005-01-26 12:00:00,52.0,False
28079024,Casa de Campo,436598.56,4.4745715e+06,6,CO,2005-05-10 20:00:00,0.0,False
28079004,Plaza de España,439579.34,4.4750495e+06,12,NOX,2005-04-20 00:00:00,30.0,False
28079038,Cuatro Caminos,440033.47,4.47745e+06,10,<PM10,2005-08-05 10:00:00,77.0,False
28079018,Farolillo,437891.7,4.471833e+06,1,SO2,2005-05-19 18:00:00,11.0,False
28079024,Casa de Campo,436598.56,4.4745715e+06,44,HIDROCARBS_NO_METANICOS,2005-03-02 01:00:00,0.0,False
28079017,Villaverde,439420.7,4.4665325e+06,12,NOX,2005-09-11 22:00:00,42.0,False
28079008,Escuelas Aguirre,442117.25,4.4747705e+06,35,ETILBENCENO,2005-04-09 16:00:00,1.0,False
28079017,Villaverde,439420.7,4.4665325e+06,14,O3,2005-02-06 20:00:00,5.0,False
28079008,Escuelas Aguirre,442117.25,4.4747705e+06,14,O3,2005-09-18 04:00:00,26.0,False
28079036,Moratalaz,445245.5,4.4732375e+06,12,NOX,2005-06-02 11:00:00,77.0,False
28079038,Cuatro Caminos,440033.47,4.47745e+06,7,NO,2005-07-11 01:00:00,6.0,False
28079018,Farolillo,437891.7,4.471833e+06,14,O3,2005-03-08 04:00:00,47.0,False
28079004,Plaza de España,439579.34,4.4750495e+06,8,NO2,2005-01-13 09:00:00,195.0,False
28079008,Escuelas Aguirre,442117.25,4.4747705e+06,14,O3,2005-11-03 04:00:00,4.0,False
28079027,Barajas Pueblo,450835.2,4.480854e+06,44,HIDROCARBS_NO_METANICOS,2005-01-18 01:00:00,0.0,False
28079008,Escuelas Aguirre,442117.25,4.4747705e+06,42,HIDROCARBS_TOTALES,2005-11-21 05:00:00,1.0,False
28079039,Barrio del Pilar,439689.06,4.4810815e+06,8,NO2,2005-08-04 08:00:00,64.0,False
28079016,Arturo Soria,445786.2,4.476796e+06,12,NOX,2005-01-16 07:00:00,47.0,False
28079016,Arturo Soria,445786.2,4.476796e+06,6,CO,2005-03-27 19:00:00,0.0,False
28079036,Moratalaz,445245.5,4.4732375e+06,1,SO2,2005-04-10 02:00:00,6.0,False
28079036,Moratalaz,445245.5,4.4732375e+06,1,SO2,2005-12-03 20:00:00,7.0,False
28079018,Farolillo,437891.7,4.471833e+06,8,NO2,2005-12-30 15:00:00,39.0,False
28079038,Cuatro Caminos,440033.47,4.47745e+06,8,NO2,2005-12-29 15:00:00,68.0,False
28079024,Casa de Campo,436598.56,4.4745715e+06,1,SO2,2005-03-11 13:00:00,17.0,False
28079027,Barajas Pueblo,450835.2,4.480854e+06,42,HIDROCARBS_TOTALES,2005-11-18 01:00:00,2.0,False
28079017,Villaverde,439420.7,4.4665325e+06,1,SO2,2005-11-20 16:00:00,6.0,False
28079035,Plaza del Carmen,440346.38,4.4745245e+06,14,O3,2005-08-15 01:00:00,52.0,False
28079040,Vallecas,444701.7,4.471043e+06,7,NO,2005-01-10 20:00:00,127.0,False
28079017,Villaverde,439420.7,4.4665325e+06,14,O3,2005-12-30 10:00:00,7.0,True
28079040,Vallecas,444701.7,4.471043e+06,8,NO2,2005-04-17 13:00:00,12.0,False
28079024,Casa de Campo,436598.56,4.4745715e+06,9,<PM2.5,2005-01-07 21:00:00,37.0,False
28079016,Arturo Soria,445786.2,4.476796e+06,14,O3,2005-05-03 02:00:00,61.0,False
28079017,Villaverde,439420.7,4.4665325e+06,14,O3,2005-02-16 15:00:00,73.0,False
28079035,Plaza del Carmen,440346.38,4.4745245e+06,8,NO2,2005-12-17 09:00:00,50.0,False
28079016,Arturo Soria,445786.2,4.476796e+06,14,O3,2005-02-24 14:00:00,76.0,False
28079024,Casa de Campo,436598.56,4.4745715e+06,43,METANO,2005-06-16 00:00:00,1.0,False
28079036,Moratalaz,445245.5,4.4732375e+06,12,NOX,2005-08-24 15:00:00,45.0,False
28079039,Barrio del Pilar,439689.06,4.4810815e+06,8,NO2,2005-03-16 21:00:00,134.0,False
28079040,Vallecas,444701.7,4.471043e+06,1,SO2,2005-11-23 12:00:00,8.0,False
28079008,Escuelas Aguirre,442117.25,4.4747705e+06,8,NO2,2005-05-17 22:00:00,75.0,False
28079008,Escuelas Aguirre,442117.25,4.4747705e+06,1,SO2,2005-03-17 01:00:00,8.0,False
28079040,Vallecas,444701.7,4.471043e+06,8,NO2,2005-04-11 11:00:00,34.0,False
28079040,Vallecas,444701.7,4.471043e+06,10,<PM10,2005-08-16 01:00:00,49.0,False
28079008,Escuelas Aguirre,442117.25,4.4747705e+06,1,SO2,2005-07-15 16:00:00,6.0,False
28079039,Barrio del Pilar,439689.06,4.4810815e+06,7,NO,2005-08-19 06:00:00,1.0,False
28079024,Casa de Campo,436598.56,4.4745715e+06,8,NO2,2005-03-14 11:00:00,91.0,False
28079024,Casa de Campo,436598.56,4.4745715e+06,12,NOX,2005-11-04 06:00:00,7.0,False
28079035,Plaza del Carmen,440346.38,4.4745245e+06,12,NOX,2005-12-28 10:00:00,115.0,False
28079024,Casa de Campo,436598.56,4.4745715e+06,12,NOX,2005-02-07 16:00:00,90.0,False
28079004,Plaza de España,439579.34,4.4750495e+06,7,NO,2005-11-21 14:00:00,51.0,False
28079040,Vallecas,444701.7,4.471043e+06,10,<PM10,2005-09-23 22:00:00,69.0,False
28079017,Villaverde,439420.7,4.4665325e+06,14,O3,2005-08-24 19:00:00,99.0,False
28079036,Moratalaz,445245.5,4.4732375e+06,8,NO2,2005-06-21 14:00:00,62.0,False
28079008,Escuelas Aguirre,442117.25,4.4747705e+06,10,<PM10,2005-09-18 03:00:00,9.0,False
28079027,Barajas Pueblo,450835.2,4.480854e+06,7,NO,2005-06-12 06:00:00,5.0,False
28079036,Moratalaz,445245.5,4.4732375e+06,10,<PM10,2005-04-27 10:00:00,46.0,False
28079024,Casa de Campo,436598.56,4.4745715e+06,1,SO2,2005-01-13 02:00:00,10.0,False
28079040,Vallecas,444701.7,4.471043e+06,10,<PM10,2005-07-20 10:00:00,72.0,False
28079024,Casa de Campo,436598.56,4.4745715e+06,7,NO,2005-05-05 14:00:00,2.0,False
28079008,Escuelas Aguirre,442117.25,4.4747705e+06,12,NOX,2005-01-01 07:00:00,178.0,False
28079036,Moratalaz,445245.5,4.4732375e+06,10,<PM10,2005-11-13 19:00:00,10.0,False
28079008,Escuelas Aguirre,442117.25,4.4747705e+06,20,TOLUENO,2005-01-10 02:00:00,5.0,False
28079008,Escuelas Aguirre,442117.25,4.4747705e+06,7,NO,2005-10-26 18:00:00,208.0,False
28079036,Moratalaz,445245.5,4.4732375e+06,1,SO2,2005-02-26 18:00:00,14.0,False
28079008,Escuelas Aguirre,442117.25,4.4747705e+06,20,TOLUENO,2005-10-03 18:00:00,6.0,False
28079027,Barajas Pueblo,450835.2,4.480854e+06,44,HIDROCARBS_NO_METANICOS,2005-10-21 03:00:00,0.0,False
28079040,Vallecas,444701.7,4.471043e+06,1,SO2,2005-10-30 19:00:00,6.0,False
28079008,Escuelas Aguirre,442117.25,4.4747705e+06,14,O3,2005-09-19 00:00:00,23.0,False
28079018,Farolillo,437891.7,4.471833e+06,7,NO,2005-10-17 07:00:00,72.0,False
28079040,Vallecas,444701.7,4.471043e+06,12,NOX,2005-09-19 13:00:00,79.0,False
28079040,Vallecas,444701.7,4.471043e+06,8,NO2,2005-07-12 03:00:00,9.0,False
28079038,Cuatro Caminos,440033.47,4.47745e+06,9,<PM2.5,2005-02-13 19:00:00,11.0,False
28079039,Barrio del Pilar,439689.06,4.4810815e+06,7,NO,2005-07-14 18:00:00,5.0,False
28079035,Plaza del Carmen,440346.38,4.4745245e+06,12,NOX,2005-01-21 13:00:00,341.0,False
28079008,Escuelas Aguirre,442117.25,4.4747705e+06,14,O3,2005-10-07 07:00:00,5.0,False
28079040,Vallecas,444701.7,4.471043e+06,8,NO2,2005-09-21 09:00:00,59.0,False
28079004,Plaza de España,439579.34,4.4750495e+06,12,NOX,2005-02-20 05:00:00,356.0,False
28079004,Plaza de España,439579.34,4.4750495e+06,7,NO,2005-08-05 07:00:00,36.0,False
28079008,Escuelas Aguirre,442117.25,4.4747705e+06,42,HIDROCARBS_TOTALES,2005-09-17 20:00:00,1.0,False
28079036,Moratalaz,445245.5,4.4732375e+06,1,SO2,2005-04-26 09:00:00,9.0,False
28079017,Villaverde,439420.7,4.4665325e+06,1,SO2,2005-12-27 10:00:00,17.0,True
28079018,Farolillo,437891.7,4.471833e+06,7,NO,2005-08-16 18:00:00,1.0,False
28079018,Farolillo,437891.7,4.471833e+06,6,CO,2005-11-04 16:00:00,0.0,False
28079008,Escuelas Aguirre,442117.25,4.4747705e+06,30,BENCENO,2005-02-24 18:00:00,0.0,False
28079039,Barrio del Pilar,439689.06,4.4810815e+06,8,NO2,2005-05-11 14:00:00,56.0,False
28079040,Vallecas,444701.7,4.471043e+06,7,NO,2005-05-11 20:00:00,16.0,False
28079036,Moratalaz,445245.5,4.4732375e+06,7,NO,2005-08-28 23:00:00,90.0,False
28079036,Moratalaz,445245.5,4.4732375e+06,12,NOX,2005-03-11 08:00:00,516.0,False
28079036,Moratalaz,445245.5,4.4732375e+06,12,NOX,2005-03-09 10:00:00,189.0,False
28079024,Casa de Campo,436598.56,4.4745715e+06,10,<PM10,2005-08-24 10:00:00,53.0,False
28079016,Arturo Soria,445786.2,4.476796e+06,12,NOX,2005-10-08 01:00:00,397.0,False
28079016,Arturo Soria,445786.2,4.476796e+06,8,NO2,2005-09-08 11:00:00,76.0,False
28079039,Barrio del Pilar,439689.06,4.4810815e+06,14,O3,2005-02-28 04:00:00,66.0,False
28079027,Barajas Pueblo,450835.2,4.480854e+06,42,HIDROCARBS_TOTALES,2005-08-22 12:00:00,1.0,False
28079035,Plaza del Carmen,440346.38,4.4745245e+06,6,CO,2005-01-30 00:00:00,0.0,False
28079027,Barajas Pueblo,450835.2,4.480854e+06,7,NO,2005-07-07 18:00:00,6.0,False
28079017,Villaverde,439420.7,4.4665325e+06,1,SO2,2005-03-11 06:00:00,15.0,False
28079008,Escuelas Aguirre,442117.25,4.4747705e+06,10,<PM10,2005-11-15 00:00:00,8.0,False
28079039,Barrio del Pilar,439689.06,4.4810815e+06,12,NOX,2005-10-17 21:00:00,173.0,False
28079038,Cuatro Caminos,440033.47,4.47745e+06,9,<PM2.5,2005-01-29 01:00:00,11.0,False
28079024,Casa de Campo,436598.56,4.4745715e+06,43,METANO,2005-10-08 00:00:00,1.0,False
28079040,Vallecas,444701.7,4.471043e+06,1,SO2,2005-05-30 16:00:00,7.0,False
28079036,Moratalaz,445245.5,4.4732375e+06,6,CO,2005-06-17 01:00:00,0.0,False
28079008,Escuelas Aguirre,442117.25,4.4747705e+06,10,<PM10,2005-10-28 09:00:00,56.0,False
28079004,Plaza de España,439579.34,4.4750495e+06,1,SO2,2005-01-29 21:00:00,22.0,False
28079036,Moratalaz,445245.5,4.4732375e+06,10,<PM10,2005-08-10 22:00:00,29.0,False
28079039,Barrio del Pilar,439689.06,4.4810815e+06,8,NO2,2005-05-30 01:00:00,34.0,False
28079024,Casa de Campo,436598.56,4.4745715e+06,9,<PM2.5,2005-03-24 03:00:00,5.0,False
28079027,Barajas Pueblo,450835.2,4.480854e+06,12,NOX,2005-01-10 18:00:00,563.0,False
28079017,Villaverde,439420.7,4.4665325e+06,12,NOX,2005-12-19 12:00:00,618.0,True
28079036,Moratalaz,445245.5,4.4732375e+06,1,SO2,2005-01-10 04:00:00,6.0,False
28079039,Barrio del Pilar,439689.06,4.4810815e+06,8,NO2,2005-07-30 17:00:00,18.0,False
28079016,Arturo Soria,445786.2,4.476796e+06,6,CO,2005-09-02 09:00:00,0.0,False
28079040,Vallecas,444701.7,4.471043e+06,7,NO,2005-07-13 11:00:00,10.0,False
28079008,Escuelas Aguirre,442117.25,4.4747705e+06,44,HIDROCARBS_NO_METANICOS,2005-06-30 14:00:00,0.0,False
28079038,Cuatro Caminos,440033.47,4.47745e+06,9,<PM2.5,2005-10-28 19:00:00,9.0,False
28079040,Vallecas,444701.7,4.471043e+06,12,NOX,2005-10-24 13:00:00,107.0,False
28079027,Barajas Pueblo,450835.2,4.480854e+06,44,HIDROCARBS_NO_METANICOS,2005-03-09 17:00:00,0.0,False
28079036,Moratalaz,445245.5,4.4732375e+06,1,SO2,2005-12-26 02:00:00,10.0,False
28079040,Vallecas,444701.7,4.471043e+06,10,<PM10,2005-01-23 04:00:00,4.0,False
28079004,Plaza de España,439579.34,4.4750495e+06,6,CO,2005-04-21 20:00:00,1.0,False
28079027,Barajas Pueblo,450835.2,4.480854e+06,12,NOX,2005-09-25 02:00:00,80.0,False
28079011,Ramón y Cajal,442564.03,4.4780885e+06,7,NO,2005-01-21 16:00:00,140.0,False
28079017,Villaverde,439420.7,4.4665325e+06,7,NO,2005-01-11 21:00:00,467.0,False
28079039,Barrio del Pilar,439689.06,4.4810815e+06,8,NO2,2005-06-11 10:00:00,47.0,False
28079035,Plaza del Carmen,440346.38,4.4745245e+06,7,NO,2005-07-14 06:00:00,3.0,False
28079008,Escuelas Aguirre,442117.25,4.4747705e+06,12,NOX,2005-11-02 01:00:00,175.0,False
28079038,Cuatro Caminos,440033.47,4.47745e+06,12,NOX,2005-05-20 20:00:00,92.0,False
28079008,Escuelas Aguirre,442117.25,4.4747705e+06,14,O3,2005-11-18 22:00:00,6.0,False
28079036,Moratalaz,445245.5,4.4732375e+06,10,<PM10,2005-08-02 06:00:00,6.0,False
28079035,Plaza del Carmen,440346.38,4.4745245e+06,8,NO2,2005-10-22 10:00:00,55.0,False
28079017,Villaverde,439420.7,4.4665325e+06,8,NO2,2005-07-01 16:00:00,32.0,False
28079039,Barrio del Pilar,439689.06,4.4810815e+06,12,NOX,2005-08-14 21:00:00,143.0,False
28079027,Barajas Pueblo,450835.2,4.480854e+06,44,HIDROCARBS_NO_METANICOS,2005-01-28 21:00:00,0.0,False
28079024,Casa de Campo,436598.56,4.4745715e+06,1,SO2,2005-01-27 12:00:00,6.0,False
28079027,Barajas Pueblo,450835.2,4.480854e+06,8,NO2,2005-05-29 03:00:00,14.0,False
28079008,Escuelas Aguirre,442117.25,4.4747705e+06,14,O3,2005-04-21 00:00:00,62.0,False
28079008,Escuelas Aguirre,442117.25,4.4747705e+06,12,NOX,2005-10-15 04:00:00,99.0,False
28079004,Plaza de España,439579.34,4.4750495e+06,1,SO2,2005-07-26 13:00:00,6.0,False
28079024,Casa de Campo,436598.56,4.4745715e+06,44,HIDROCARBS_NO_METANICOS,2005-07-28 08:00:00,0.0,False
28079040,Vallecas,444701.7,4.471043e+06,7,NO,2005-08-07 01:00:00,2.0,False
28079008,Escuelas Aguirre,442117.25,4.4747705e+06,12,NOX,2005-07-04 12:00:00,142.0,False
28079008,Escuelas Aguirre,442117.25,4.4747705e+06,20,TOLUENO,2005-04-30 16:00:00,1.0,False
28079008,Escuelas Aguirre,442117.25,4.4747705e+06,12,NOX,2005-06-16 14:00:00,96.0,False
28079016,Arturo Soria,445786.2,4.476796e+06,7,NO,2005-08-23 23:00:00,2.0,False
28079008,Escuelas Aguirre,442117.25,4.4747705e+06,14,O3,2005-02-25 17:00:00,35.0,False
28079008,Escuelas Aguirre,442117.25,4.4747705e+06,14,O3,2005-01-15 15:00:00,12.0,False
28079035,Plaza del Carmen,440346.38,4.4745245e+06,7,NO,2005-05-29 15:00:00,1.0,False
28079004,Plaza de España,439579.34,4.4750495e+06,1,SO2,2005-01-25 05:00:00,8.0,False
28079016,Arturo Soria,445786.2,4.476796e+06,8,NO2,2005-11-05 01:00:00,61.0,False
28079018,Farolillo,437891.7,4.471833e+06,14,O3,2005-04-09 10:00:00,78.0,False
28079035,Plaza del Carmen,440346.38,4.4745245e+06,7,NO,2005-08-12 09:00:00,14.0,False
28079027,Barajas Pueblo,450835.2,4.480854e+06,8,NO2,2005-06-25 12:00:00,30.068493,True
28079024,Casa de Campo,436598.56,4.4745715e+06,8,NO2,2005-09-09 04:00:00,19.458334,True
28079035,Plaza del Carmen,440346.38,4.4745245e+06,14,O3,2005-07-21 05:00:00,69.0,False
28079035,Plaza del Carmen,440346.38,4.4745245e+06,1,SO2,2005-08-30 06:00:00,5.0,False
28079035,Plaza del Carmen,440346.38,4.4745245e+06,8,NO2,2005-08-13 11:00:00,50.0,False
28079008,Escuelas Aguirre,442117.25,4.4747705e+06,20,TOLUENO,2005-10-25 01:00:00,16.0,False
28079035,Plaza del Carmen,440346.38,4.4745245e+06,8,NO2,2005-06-24 03:00:00,39.0,False
28079018,Farolillo,437891.7,4.471833e+06,7,NO,2005-11-04 14:00:00,5.0,False
28079017,Villaverde,439420.7,4.4665325e+06,1,SO2,2005-11-08 02:00:00,13.0,False
28079038,Cuatro Caminos,440033.47,4.47745e+06,12,NOX,2005-05-07 06:00:00,56.0,False
28079027,Barajas Pueblo,450835.2,4.480854e+06,7,NO,2005-06-28 06:00:00,7.0,False
28079024,Casa de Campo,436598.56,4.4745715e+06,42,HIDROCARBS_TOTALES,2005-06-14 23:00:00,1.0,False
28079040,Vallecas,444701.7,4.471043e+06,8,NO2,2005-09-10 00:00:00,8.0,False
28079017,Villaverde,439420.7,4.4665325e+06,12,NOX,2005-09-20 23:00:00,640.0,False
28079018,Farolillo,437891.7,4.471833e+06,7,NO,2005-04-26 06:00:00,10.0,False
28079004,Plaza de España,439579.34,4.4750495e+06,6,CO,2005-10-21 12:00:00,0.0,False
28079008,Escuelas Aguirre,442117.25,4.4747705e+06,14,O3,2005-08-29 16:00:00,68.0,False
28079024,Casa de Campo,436598.56,4.4745715e+06,6,CO,2005-06-20 10:00:00,0.0,False
28079036,Moratalaz,445245.5,4.4732375e+06,1,SO2,2005-11-01 19:00:00,6.252941,True
28079038,Cuatro Caminos,440033.47,4.47745e+06,12,NOX,2005-10-29 14:00:00,58.0,False
28079039,Barrio del Pilar,439689.06,4.4810815e+06,14,O3,2005-04-13 11:00:00,51.0,False
28079004,Plaza de España,439579.34,4.4750495e+06,7,NO,2005-10-13 04:00:00,2.0,False
28079039,Barrio del Pilar,439689.06,4.4810815e+06,14,O3,2005-06-26 14:00:00,82.0,False
28079035,Plaza del Carmen,440346.38,4.4745245e+06,12,NOX,2005-12-31 19:00:00,44.0,False
28079008,Escuelas Aguirre,442117.25,4.4747705e+06,43,METANO,2005-02-11 02:00:00,1.0,False
28079039,Barrio del Pilar,439689.06,4.4810815e+06,6,CO,2005-10-17 07:00:00,0.0,False
28079024,Casa de Campo,436598.56,4.4745715e+06,1,SO2,2005-07-20 10:00:00,9.5,True
28079017,Villaverde,439420.7,4.4665325e+06,8,NO2,2005-07-05 05:00:00,29.0,False
28079036,Moratalaz,445245.5,4.4732375e+06,8,NO2,2005-02-11 03:00:00,71.0,False
28079024,Casa de Campo,436598.56,4.4745715e+06,6,CO,2005-02-10 11:00:00,1.0,False
28079035,Plaza del Carmen,440346.38,4.4745245e+06,8,NO2,2005-04-19 01:00:00,24.0,False
28079018,Farolillo,437891.7,4.471833e+06,10,<PM10,2005-05-07 13:00:00,5.0,False
28079004,Plaza de España,439579.34,4.4750495e+06,6,CO,2005-02-10 11:00:00,1.0,False
28079017,Villaverde,439420.7,4.4665325e+06,14,O3,2005-04-03 19:00:00,45.0,False
28079024,Casa de Campo,436598.56,4.4745715e+06,42,HIDROCARBS_TOTALES,2005-08-05 16:00:00,1.0,False
28079008,Escuelas Aguirre,442117.25,4.4747705e+06,1,SO2,2005-08-23 08:00:00,6.0,False
28079004,Plaza de España,439579.34,4.4750495e+06,8,NO2,2005-12-25 00:00:00,71.0,False
28079008,Escuelas Aguirre,442117.25,4.4747705e+06,43,METANO,2005-01-28 23:00:00,1.0,False
28079016,Arturo Soria,445786.2,4.476796e+06,6,CO,2005-09-25 02:00:00,0.0,False
28079035,Plaza del Carmen,440346.38,4.4745245e+06,12,NOX,2005-09-27 13:00:00,92.0,False
28079018,Farolillo,437891.7,4.471833e+06,12,NOX,2005-10-18 11:00:00,35.0,False
28079016,Arturo Soria,445786.2,4.476796e+06,7,NO,2005-09-06 11:00:00,17.0,False
28079027,Barajas Pueblo,450835.2,4.480854e+06,12,NOX,2005-01-13 02:00:00,551.0,False
28079038,Cuatro Caminos,440033.47,4.47745e+06,8,NO2,2005-07-09 22:00:00,70.0,False
28079036,Moratalaz,445245.5,4.4732375e+06,10,<PM10,2005-12-05 21:00:00,30.0,False
28079036,Moratalaz,445245.5,4.4732375e+06,12,NOX,2005-08-12 19:00:00,43.0,False
28079018,Farolillo,437891.7,4.471833e+06,8,NO2,2005-12-10 04:00:00,28.0,False
28079035,Plaza del Carmen,440346.38,4.4745245e+06,7,NO,2005-12-01 01:00:00,9.0,False
28079018,Farolillo,437891.7,4.471833e+06,10,<PM10,2005-09-11 23:00:00,7.0,False
28079018,Farolillo,437891.7,4.471833e+06,12,NOX,2005-02-24 14:00:00,58.0,False
28079011,Ramón y Cajal,442564.03,4.4780885e+06,7,NO,2005-06-21 06:00:00,2.0,False
28079036,Moratalaz,445245.5,4.4732375e+06,6,CO,2005-08-29 05:00:00,0.0,False
28079039,Barrio del Pilar,439689.06,4.4810815e+06,7,NO,2005-11-26 01:00:00,7.0,False
28079038,Cuatro Caminos,440033.47,4.47745e+06,10,<PM10,2005-09-29 05:00:00,11.0,False
28079035,Plaza del Carmen,440346.38,4.4745245e+06,7,NO,2005-02-19 18:00:00,18.0,False
28079008,Escuelas Aguirre,442117.25,4.4747705e+06,7,NO,2005-10-22 16:00:00,63.0,False
28079024,Casa de Campo,436598.56,4.4745715e+06,12,NOX,2005-09-13 16:00:00,20.0,False
28079008,Escuelas Aguirre,442117.25,4.4747705e+06,20,TOLUENO,2005-04-19 15:00:00,4.0,False
28079038,Cuatro Caminos,440033.47,4.47745e+06,1,SO2,2005-05-13 08:00:00,9.0,False
28079018,Farolillo,437891.7,4.471833e+06,14,O3,2005-12-29 20:00:00,16.0,False
28079024,Casa de Campo,436598.56,4.4745715e+06,12,NOX,2005-08-20 17:00:00,4.0,False
28079004,Plaza de España,439579.34,4.4750495e+06,12,NOX,2005-01-19 11:00:00,176.0,False
28079008,Escuelas Aguirre,442117.25,4.4747705e+06,8,NO2,2005-08-04 06:00:00,39.0,False
28079040,Vallecas,444701.7,4.471043e+06,7,NO,2005-11-19 17:00:00,31.0,False
28079016,Arturo Soria,445786.2,4.476796e+06,14,O3,2005-03-23 00:00:00,12.0,False
28079035,Plaza del Carmen,440346.38,4.4745245e+06,8,NO2,2005-08-04 23:00:00,130.0,False
28079016,Arturo Soria,445786.2,4.476796e+06,12,NOX,2005-04-30 10:00:00,43.0,False
28079038,Cuatro Caminos,440033.47,4.47745e+06,12,NOX,2005-08-26 00:00:00,318.0,False
28079039,Barrio del Pilar,439689.06,4.4810815e+06,8,NO2,2005-08-10 22:00:00,45.0,False
28079008,Escuelas Aguirre,442117.25,4.4747705e+06,1,SO2,2005-04-01 05:00:00,8.0,False
28079017,Villaverde,439420.7,4.4665325e+06,8,NO2,2005-08-16 00:00:00,59.0,False
28079008,Escuelas Aguirre,442117.25,4.4747705e+06,20,TOLUENO,2005-08-19 06:00:00,2.0,False
28079017,Villaverde,439420.7,4.4665325e+06,1,SO2,2005-12-14 07:00:00,17.0,True
28079036,Moratalaz,445245.5,4.4732375e+06,1,SO2,2005-10-04 11:00:00,6.0,False
28079039,Barrio del Pilar,439689.06,4.4810815e+06,8,NO2,2005-02-16 03:00:00,8.0,False
28079036,Moratalaz,445245.5,4.4732375e+06,12,NOX,2005-09-16 11:00:00,311.0,False
28079036,Moratalaz,445245.5,4.4732375e+06,7,NO,2005-12-08 16:00:00,65.0,False
28079017,Villaverde,439420.7,4.4665325e+06,14,O3,2005-02-12 05:00:00,5.0,False
28079017,Villaverde,439420.7,4.4665325e+06,1,SO2,2005-11-30 04:00:00,7.0,False
28079027,Barajas Pueblo,450835.2,4.480854e+06,12,NOX,2005-09-15 23:00:00,205.0,False
28079004,Plaza de España,439579.34,4.4750495e+06,6,CO,2005-03-31 19:00:00,0.0,False
28079035,Plaza del Carmen,440346.38,4.4745245e+06,14,O3,2005-11-03 17:00:00,9.5,True
28079024,Casa de Campo,436598.56,4.4745715e+06,1,SO2,2005-04-03 22:00:00,6.0,False
28079008,Escuelas Aguirre,442117.25,4.4747705e+06,14,O3,2005-07-03 15:00:00,107.5,True
28079036,Moratalaz,445245.5,4.4732375e+06,8,NO2,2005-09-05 08:00:00,87.0,False
28079017,Villaverde,439420.7,4.4665325e+06,8,NO2,2005-12-14 22:00:00,119.0,True
28079038,Cuatro Caminos,440033.47,4.47745e+06,9,<PM2.5,2005-12-01 14:00:00,6.0,False
28079018,Farolillo,437891.7,4.471833e+06,10,<PM10,2005-11-02 04:00:00,6.0,False
28079039,Barrio del Pilar,439689.06,4.4810815e+06,14,O3,2005-10-09 02:00:00,7.0,False
28079036,Moratalaz,445245.5,4.4732375e+06,10,<PM10,2005-07-06 11:00:00,18.0,False
28079035,Plaza del Carmen,440346.38,4.4745245e+06,8,NO2,2005-08-18 16:00:00,48.0,False
28079040,Vallecas,444701.7,4.471043e+06,12,NOX,2005-07-08 13:00:00,28.0,False
28079018,Farolillo,437891.7,4.471833e+06,8,NO2,2005-08-21 02:00:00,11.0,False
28079039,Barrio del Pilar,439689.06,4.4810815e+06,8,NO2,2005-03-10 08:00:00,201.0,False
28079008,Escuelas Aguirre,442117.25,4.4747705e+06,6,CO,2005-05-13 06:00:00,0.0,False
28079039,Barrio del Pilar,439689.06,4.4810815e+06,6,CO,2005-09-29 10:00:00,0.0,False
28079017,Villaverde,439420.7,4.4665325e+06,7,NO,2005-12-16 18:00:00,326.0,True
28079027,Barajas Pueblo,450835.2,4.480854e+06,7,NO,2005-05-10 03:00:00,5.0,False
28079017,Villaverde,439420.7,4.4665325e+06,7,NO,2005-03-06 01:00:00,3.0,False
28079027,Barajas Pueblo,450835.2,4.480854e+06,42,HIDROCARBS_TOTALES,2005-10-09 17:00:00,1.0,False
28079004,Plaza de España,439579.34,4.4750495e+06,1,SO2,2005-04-22 05:00:00,9.0,False
28079038,Cuatro Caminos,440033.47,4.47745e+06,1,SO2,2005-03-11 21:00:00,21.0,False
28079040,Vallecas,444701.7,4.471043e+06,1,SO2,2005-08-10 17:00:00,5.0,False
28079016,Arturo Soria,445786.2,4.476796e+06,7,NO,2005-09-19 06:00:00,5.0,False
28079011,Ramón y Cajal,442564.03,4.4780885e+06,7,NO,2005-02-13 01:00:00,193.0,False
28079024,Casa de Campo,436598.56,4.4745715e+06,43,METANO,2005-03-08 07:00:00,1.0,False
28079004,Plaza de España,439579.34,4.4750495e+06,7,NO,2005-07-09 11:00:00,22.0,False
28079004,Plaza de España,439579.34,4.4750495e+06,7,NO,2005-05-04 15:00:00,14.0,False
28079018,Farolillo,437891.7,4.471833e+06,10,<PM10,2005-09-11 00:00:00,14.0,False
28079024,Casa de Campo,436598.56,4.4745715e+06,44,HIDROCARBS_NO_METANICOS,2005-08-08 23:00:00,0.0,True
28079017,Villaverde,439420.7,4.4665325e+06,14,O3,2005-09-15 18:00:00,87.0,False
28079008,Escuelas Aguirre,442117.25,4.4747705e+06,35,ETILBENCENO,2005-12-16 14:00:00,0.0,False
28079024,Casa de Campo,436598.56,4.4745715e+06,12,NOX,2005-01-28 01:00:00,61.0,False
28079008,Escuelas Aguirre,442117.25,4.4747705e+06,42,HIDROCARBS_TOTALES,2005-01-29 10:00:00,1.0,False
28079036,Moratalaz,445245.5,4.4732375e+06,1,SO2,2005-03-25 20:00:00,8.0,False
28079038,Cuatro Caminos,440033.47,4.47745e+06,9,<PM2.5,2005-05-06 22:00:00,44.0,False
28079018,Farolillo,437891.7,4.471833e+06,10,<PM10,2005-04-10 03:00:00,5.0,False
28079027,Barajas Pueblo,450835.2,4.480854e+06,42,HIDROCARBS_TOTALES,2005-01-25 19:00:00,1.0,False
28079008,Escuelas Aguirre,442117.25,4.4747705e+06,8,NO2,2005-08-04 19:00:00,81.0,False
28079024,Casa de Campo,436598.56,4.4745715e+06,43,METANO,2005-05-14 16:00:00,1.0,False
28079008,Escuelas Aguirre,442117.25,4.4747705e+06,30,BENCENO,2005-11-26 14:00:00,0.0,False
28079035,Plaza del Carmen,440346.38,4.4745245e+06,7,NO,2005-06-15 20:00:00,12.0,True
28079035,Plaza del Carmen,440346.38,4.4745245e+06,7,NO,2005-07-23 12:00:00,10.0,False
28079016,Arturo Soria,445786.2,4.476796e+06,6,CO,2005-01-03 05:00:00,0.0,False
28079016,Arturo Soria,445786.2,4.476796e+06,8,NO2,2005-12-15 07:00:00,101.0,False
28079008,Escuelas Aguirre,442117.25,4.4747705e+06,35,ETILBENCENO,2005-01-09 10:00:00,0.0,False
28079018,Farolillo,437891.7,4.471833e+06,10,<PM10,2005-04-11 21:00:00,10.0,False
28079038,Cuatro Caminos,440033.47,4.47745e+06,10,<PM10,2005-12-31 02:00:00,7.0,False
28079035,Plaza del Carmen,440346.38,4.4745245e+06,1,SO2,2005-09-25 23:00:00,7.4390244,True
28079018,Farolillo,437891.7,4.471833e+06,6,CO,2005-06-20 23:00:00,0.0,False
28079018,Farolillo,437891.7,4.471833e+06,14,O3,2005-03-28 20:00:00,45.0,False
28079004,Plaza de España,439579.34,4.4750495e+06,12,NOX,2005-06-11 23:00:00,114.0,False
28079036,Moratalaz,445245.5,4.4732375e+06,7,NO,2005-10-28 12:00:00,41.964706,True
28079016,Arturo Soria,445786.2,4.476796e+06,7,NO,2005-10-08 14:00:00,15.0,False
28079017,Villaverde,439420.7,4.4665325e+06,8,NO2,2005-03-18 13:00:00,32.0,False
28079027,Barajas Pueblo,450835.2,4.480854e+06,7,NO,2005-05-01 04:00:00,5.0,False
28079035,Plaza del Carmen,440346.38,4.4745245e+06,8,NO2,2005-03-16 19:00:00,96.0,False
28079024,Casa de Campo,436598.56,4.4745715e+06,9,<PM2.5,2005-06-07 12:00:00,1.0,False
28079038,Cuatro Caminos,440033.47,4.47745e+06,12,NOX,2005-04-15 11:00:00,88.0,False
28079038,Cuatro Caminos,440033.47,4.47745e+06,12,NOX,2005-07-08 19:00:00,118.0,False
28079024,Casa de Campo,436598.56,4.4745715e+06,42,HIDROCARBS_TOTALES,2005-05-17 03:00:00,1.0,False
28079017,Villaverde,439420.7,4.4665325e+06,14,O3,2005-05-08 22:00:00,47.0,False
28079018,Farolillo,437891.7,4.471833e+06,1,SO2,2005-09-21 21:00:00,18.0,False
28079008,Escuelas Aguirre,442117.25,4.4747705e+06,35,ETILBENCENO,2005-01-20 13:00:00,1.0,False
28079004,Plaza de España,439579.34,4.4750495e+06,6,CO,2005-11-16 07:00:00,0.0,False
28079027,Barajas Pueblo,450835.2,4.480854e+06,7,NO,2005-04-07 00:00:00,5.0,False
28079027,Barajas Pueblo,450835.2,4.480854e+06,44,HIDROCARBS_NO_METANICOS,2005-01-04 11:00:00,0.0,False
28079024,Casa de Campo,436598.56,4.4745715e+06,14,O3,2005-01-13 23:00:00,5.0,False
28079035,Plaza del Carmen,440346.38,4.4745245e+06,1,SO2,2005-12-14 03:00:00,12.0,False
28079040,Vallecas,444701.7,4.471043e+06,8,NO2,2005-08-15 21:00:00,61.0,False
28079004,Plaza de España,439579.34,4.4750495e+06,12,NOX,2005-04-11 23:00:00,49.0,False
28079024,Casa de Campo,436598.56,4.4745715e+06,10,<PM10,2005-08-25 12:00:00,85.0,False
28079027,Barajas Pueblo,450835.2,4.480854e+06,43,METANO,2005-06-20 12:00:00,1.0,False
28079040,Vallecas,444701.7,4.471043e+06,10,<PM10,2005-12-25 13:00:00,24.0,False
28079016,Arturo Soria,445786.2,4.476796e+06,6,CO,2005-03-18 17:00:00,0.0,False
28079027,Barajas Pueblo,450835.2,4.480854e+06,42,HIDROCARBS_TOTALES,2005-05-31 02:00:00,1.0,False
28079039,Barrio del Pilar,439689.06,4.4810815e+06,7,NO,2005-02-04 14:00:00,29.0,False
28079008,Escuelas Aguirre,442117.25,4.4747705e+06,42,HIDROCARBS_TOTALES,2005-01-23 16:00:00,1.0,False
28079035,Plaza del Carmen,440346.38,4.4745245e+06,6,CO,2005-08-02 05:00:00,0.0,False
